asin,title,product_link,price,image_url,rating,review_count,color_options,delivery_date,more_buying_choices_price,bought_in_past_month,used_and_new_offers
B0CXKYTQS2,"Microsoft Surface Laptop (2024), Windows 11 Copilot+ PC, 13.8"" Touchscreen Display, Snapdragon X Plus (10 core), 16GB RAM, 256GB SSD Storage, Platinum",https://www.amazon.com/Microsoft-Surface-Touchscreen-Snapdragon-Platinum/dp/B0CXKYTQS2/ref=sr_1_1?dib=eyJ2IjoiMSJ9.s2v7o9lOGYpLpuAlN65DP8RgHpT7NVyNaNrVInwUCStxjAXQ672lzAqI1-RPAt_wQSnU31Kz_7eEcn1MTywsv40L2g9zFdMXg9PVvkF1HHCaLusCZkF_IHm0XqIAcF03aQHzP4qZ7s433wqf6do3Lo-dRrDJZN07grEcyNf3yGc1PxrroOx3sNHKxMFd9udBNIOglT5rVJg2C4AiuxIczx3VFGXiD36ph2mXYnLPvD_2QPuRDTO8B8XOmJMgVoLpLkv-Wye5S16b5lsyy4jjLDgfKiHB9mDVmxXbalRPJDU.xNYfylA-CG23armgUaVHTGRvcg22rpa_sPLppqrhOpM&dib_tag=se&qid=1751098074&refinements=p_123%3A42439&rnid=85457740011&s=computers-intl-ship&sr=1-1,$819.99,https://m.media-amazon.com/images/I/61XtQfb-sRL._AC_UL320_.jpg,4.3 out of 5 stars,564,"['Platinum', 'Black', 'Dune', 'Sapphire']",Jul 2 - 7,$748.88,300+ bought in past month,(7+ used & new offers)
B0CXKTL1SK,"Microsoft Surface Pro 2-in-1 Laptop/Tablet (2024), Windows 11 Copilot+ PC, 13"" Touchscreen Display, Snapdragon X Plus (10 Core), 16GB RAM, 512GB Storage, Platinum",https://www.amazon.com/Microsoft-Surface-Touchscreen-Snapdragon-Platinum/dp/B0CXKTL1SK/ref=sr_1_2?dib=eyJ2IjoiMSJ9.s2v7o9lOGYpLpuAlN65DP8RgHpT7NVyNaNrVInwUCStxjAXQ672lzAqI1-RPAt_wQSnU31Kz_7eEcn1MTywsv40L2g9zFdMXg9PVvkF1HHCaLusCZkF_IHm0XqIAcF03aQHzP4qZ7s433wqf6do3Lo-dRrDJZN07grEcyNf3yGc1PxrroOx3sNHKxMFd9udBNIOglT5rVJg2C4AiuxIczx3VFGXiD36ph2mXYnLPvD_2QPuRDTO8B8XOmJMgVoLpLkv-Wye5S16b5lsyy4jjLDgfKiHB9mDVmxXbalRPJDU.xNYfylA-CG23armgUaVHTGRvcg22rpa_sPLppqrhOpM&dib_tag=se&qid=1751098074&refinements=p_123%3A42439&rnid=85457740011&s=computers-intl-ship&sr=1-2,$894.99,https://m.media-amazon.com/images/I/61OtnPzSv6L._AC_UL320_.jpg,4.4 out of 5 stars,402,"['Platinum', 'Black', 'Dune', 'Sapphire']","Thu, Jul 3",$787.59,300+ bought in past month,(8+ used & new offers)
B07YNHXX8D,"Microsoft Surface Pro 7 – 12.3"" Touch-Screen - 10th Gen Intel Core i5 - 8GB Memory - 128GB SSD – Platinum",https://www.amazon.com/New-Microsoft-Surface-Pro-Touch-Screen/dp/B07YNHXX8D/ref=sr_1_3?dib=eyJ2IjoiMSJ9.s2v7o9lOGYpLpuAlN65DP8RgHpT7NVyNaNrVInwUCStxjAXQ672lzAqI1-RPAt_wQSnU31Kz_7eEcn1MTywsv40L2g9zFdMXg9PVvkF1HHCaLusCZkF_IHm0XqIAcF03aQHzP4qZ7s433wqf6do3Lo-dRrDJZN07grEcyNf3yGc1PxrroOx3sNHKxMFd9udBNIOglT5rVJg2C4AiuxIczx3VFGXiD36ph2mXYnLPvD_2QPuRDTO8B8XOmJMgVoLpLkv-Wye5S16b5lsyy4jjLDgfKiHB9mDVmxXbalRPJDU.xNYfylA-CG23armgUaVHTGRvcg22rpa_sPLppqrhOpM&dib_tag=se&qid=1751098074&refinements=p_123%3A42439&rnid=85457740011&s=computers-intl-ship&sr=1-3,$540.99,https://m.media-amazon.com/images/I/61qS1eDVy9S._AC_UL320_.jpg,4.3 out of 5 stars,1795,,Jul 2 - 7,$299.00,100+ bought in past month,(5+ used & new offers)
B07D3ZNX42,"Microsoft Surface Pro 5 Tablet,12.3 inch (2736 x 1824), Intel Core i5-7300U 2.6 GHz, 8 GB RAM 256GB SSD, CAM, Win 10 Pro (Renewed)",https://www.amazon.com/Microsoft-Surface-Intel-i5-7300U-2-6GHz/dp/B07D3ZNX42/ref=sr_1_4?dib=eyJ2IjoiMSJ9.s2v7o9lOGYpLpuAlN65DP8RgHpT7NVyNaNrVInwUCStxjAXQ672lzAqI1-RPAt_wQSnU31Kz_7eEcn1MTywsv40L2g9zFdMXg9PVvkF1HHCaLusCZkF_IHm0XqIAcF03aQHzP4qZ7s433wqf6do3Lo-dRrDJZN07grEcyNf3yGc1PxrroOx3sNHKxMFd9udBNIOglT5rVJg2C4AiuxIczx3VFGXiD36ph2mXYnLPvD_2QPuRDTO8B8XOmJMgVoLpLkv-Wye5S16b5lsyy4jjLDgfKiHB9mDVmxXbalRPJDU.xNYfylA-CG23armgUaVHTGRvcg22rpa_sPLppqrhOpM&dib_tag=se&qid=1751098074&refinements=p_123%3A42439&rnid=85457740011&s=computers-intl-ship&sr=1-4,$204.99,https://m.media-amazon.com/images/I/612OuMs29eL._AC_UL320_.jpg,3.8 out of 5 stars,353,,"Thu, Jul 3",$189.99,200+ bought in past month,(16+ used & new offers)
B09VLJS222,"Surface Laptop 4 for Business - 13.5"", Matte Black (Metal), Intel Core i7, 16GB RAM, 256GB SSD, Fren",https://www.amazon.com/Microsoft-Surface-Laptop-13-5-Touch-Screen/dp/B09VLJS222/ref=sr_1_5?dib=eyJ2IjoiMSJ9.s2v7o9lOGYpLpuAlN65DP8RgHpT7NVyNaNrVInwUCStxjAXQ672lzAqI1-RPAt_wQSnU31Kz_7eEcn1MTywsv40L2g9zFdMXg9PVvkF1HHCaLusCZkF_IHm0XqIAcF03aQHzP4qZ7s433wqf6do3Lo-dRrDJZN07grEcyNf3yGc1PxrroOx3sNHKxMFd9udBNIOglT5rVJg2C4AiuxIczx3VFGXiD36ph2mXYnLPvD_2QPuRDTO8B8XOmJMgVoLpLkv-Wye5S16b5lsyy4jjLDgfKiHB9mDVmxXbalRPJDU.xNYfylA-CG23armgUaVHTGRvcg22rpa_sPLppqrhOpM&dib_tag=se&qid=1751098074&refinements=p_123%3A42439&rnid=85457740011&s=computers-intl-ship&sr=1-5,$360.00,https://m.media-amazon.com/images/I/611Agc52EHL._AC_UL320_.jpg,3.5 out of 5 stars,43,,"Tue, Jul 1",,200+ bought in past month,
B081ZJ1WW9,Microsoft Surface Laptop 3 13.5in Touchscreen Intel i7 16GB RAM 256GB Windows 10 (Renewed),https://www.amazon.com/Microsoft-Surface-Laptop-Touch-Screen-Renewed/dp/B081ZJ1WW9/ref=sr_1_6?dib=eyJ2IjoiMSJ9.s2v7o9lOGYpLpuAlN65DP8RgHpT7NVyNaNrVInwUCStxjAXQ672lzAqI1-RPAt_wQSnU31Kz_7eEcn1MTywsv40L2g9zFdMXg9PVvkF1HHCaLusCZkF_IHm0XqIAcF03aQHzP4qZ7s433wqf6do3Lo-dRrDJZN07grEcyNf3yGc1PxrroOx3sNHKxMFd9udBNIOglT5rVJg2C4AiuxIczx3VFGXiD36ph2mXYnLPvD_2QPuRDTO8B8XOmJMgVoLpLkv-Wye5S16b5lsyy4jjLDgfKiHB9mDVmxXbalRPJDU.xNYfylA-CG23armgUaVHTGRvcg22rpa_sPLppqrhOpM&dib_tag=se&qid=1751098074&refinements=p_123%3A42439&rnid=85457740011&s=computers-intl-ship&sr=1-6,$318.00,https://m.media-amazon.com/images/I/61mEpQu5+oL._AC_UL320_.jpg,3.8 out of 5 stars,152,"['Black', 'Platinum']","Thu, Jul 3",$262.00,100+ bought in past month,(14 used & new offers)
B08F2Y2PFQ,"Microsoft Surface Pro 7 256GB i5 8GB RAM with Windows 10 Pro (Wi-Fi, Quad-Core i5-1035G4,) Platinum PVR-00001 (Renewed)",https://www.amazon.com/Microsoft-Quad-Core-i5-1035G4-Platinum-PVR-00001/dp/B08F2Y2PFQ/ref=sr_1_7?dib=eyJ2IjoiMSJ9.s2v7o9lOGYpLpuAlN65DP8RgHpT7NVyNaNrVInwUCStxjAXQ672lzAqI1-RPAt_wQSnU31Kz_7eEcn1MTywsv40L2g9zFdMXg9PVvkF1HHCaLusCZkF_IHm0XqIAcF03aQHzP4qZ7s433wqf6do3Lo-dRrDJZN07grEcyNf3yGc1PxrroOx3sNHKxMFd9udBNIOglT5rVJg2C4AiuxIczx3VFGXiD36ph2mXYnLPvD_2QPuRDTO8B8XOmJMgVoLpLkv-Wye5S16b5lsyy4jjLDgfKiHB9mDVmxXbalRPJDU.xNYfylA-CG23armgUaVHTGRvcg22rpa_sPLppqrhOpM&dib_tag=se&qid=1751098074&refinements=p_123%3A42439&rnid=85457740011&s=computers-intl-ship&sr=1-7,$319.00,https://m.media-amazon.com/images/I/51WRUqvCYkL._AC_UL320_.jpg,3.9 out of 5 stars,30,,"Wed, Jul 2",$274.99,100+ bought in past month,(10+ used & new offers)
B0D9C7HPNM,"Microsoft Surface Laptop 5 13.5"" Touchscreen Notebook - 2256 x 1504 - Intel Core i7 12th Gen i7-1265U - Intel Evo Platform - 16 GB Total RAM - 256 GB SSD - Matte Black (Renewed)",https://www.amazon.com/Microsoft-Surface-Laptop-Touchscreen-Notebook/dp/B0D9C7HPNM/ref=sr_1_8?dib=eyJ2IjoiMSJ9.s2v7o9lOGYpLpuAlN65DP8RgHpT7NVyNaNrVInwUCStxjAXQ672lzAqI1-RPAt_wQSnU31Kz_7eEcn1MTywsv40L2g9zFdMXg9PVvkF1HHCaLusCZkF_IHm0XqIAcF03aQHzP4qZ7s433wqf6do3Lo-dRrDJZN07grEcyNf3yGc1PxrroOx3sNHKxMFd9udBNIOglT5rVJg2C4AiuxIczx3VFGXiD36ph2mXYnLPvD_2QPuRDTO8B8XOmJMgVoLpLkv-Wye5S16b5lsyy4jjLDgfKiHB9mDVmxXbalRPJDU.xNYfylA-CG23armgUaVHTGRvcg22rpa_sPLppqrhOpM&dib_tag=se&qid=1751098074&refinements=p_123%3A42439&rnid=85457740011&s=computers-intl-ship&sr=1-8,$535.00,https://m.media-amazon.com/images/I/51VPpeuDcfL._AC_UL320_.jpg,3.5 out of 5 stars,9,,"Tue, Jul 1",$525.00,50+ bought in past month,(8 new offers)
B08C7FRPXF,"Microsoft Surface Go 2-10.5"" Touch-Screen - Intel Pentium - 8GB Memory - 128GB SSD - WiFi - Platinum (Latest Model) (Renewed)",https://www.amazon.com/NEW-Microsoft-Surface-Go-Touch-Screen/dp/B08C7FRPXF/ref=sr_1_9?dib=eyJ2IjoiMSJ9.s2v7o9lOGYpLpuAlN65DP8RgHpT7NVyNaNrVInwUCStxjAXQ672lzAqI1-RPAt_wQSnU31Kz_7eEcn1MTywsv40L2g9zFdMXg9PVvkF1HHCaLusCZkF_IHm0XqIAcF03aQHzP4qZ7s433wqf6do3Lo-dRrDJZN07grEcyNf3yGc1PxrroOx3sNHKxMFd9udBNIOglT5rVJg2C4AiuxIczx3VFGXiD36ph2mXYnLPvD_2QPuRDTO8B8XOmJMgVoLpLkv-Wye5S16b5lsyy4jjLDgfKiHB9mDVmxXbalRPJDU.xNYfylA-CG23armgUaVHTGRvcg22rpa_sPLppqrhOpM&dib_tag=se&qid=1751098074&refinements=p_123%3A42439&rnid=85457740011&s=computers-intl-ship&sr=1-9,$198.49,https://m.media-amazon.com/images/I/71RQMHbQTHL._AC_UL320_.jpg,4.2 out of 5 stars,405,,"Thu, Jul 3",$165.00,100+ bought in past month,(7+ used & new offers)
B0C416PGX2,"Microsoft Surface Pro 7+ Tablet 12.3 Inch PixelSense Touchscreen Display, Intel Core i5-1135G7 CPU, 8GB RAM, 128GB SSD, Wi-Fi + Bluetooth, Windows 10 Home, Platinum 1XK-00001 (Renewed)",https://www.amazon.com/Microsoft-PixelSense-Touchscreen-i5-1135G7-Bluetooth/dp/B0C416PGX2/ref=sr_1_10?dib=eyJ2IjoiMSJ9.s2v7o9lOGYpLpuAlN65DP8RgHpT7NVyNaNrVInwUCStxjAXQ672lzAqI1-RPAt_wQSnU31Kz_7eEcn1MTywsv40L2g9zFdMXg9PVvkF1HHCaLusCZkF_IHm0XqIAcF03aQHzP4qZ7s433wqf6do3Lo-dRrDJZN07grEcyNf3yGc1PxrroOx3sNHKxMFd9udBNIOglT5rVJg2C4AiuxIczx3VFGXiD36ph2mXYnLPvD_2QPuRDTO8B8XOmJMgVoLpLkv-Wye5S16b5lsyy4jjLDgfKiHB9mDVmxXbalRPJDU.xNYfylA-CG23armgUaVHTGRvcg22rpa_sPLppqrhOpM&dib_tag=se&qid=1751098074&refinements=p_123%3A42439&rnid=85457740011&s=computers-intl-ship&sr=1-10,$324.99,https://m.media-amazon.com/images/I/616+tAaDb+L._AC_UL320_.jpg,3.5 out of 5 stars,20,,"Wed, Jul 2",$275.00,100+ bought in past month,(8+ used & new offers)
B07FRNPVQN,"Microsoft Surface Go (Intel Pentium Gold, 8GB RAM, 128GB) (Renewed)",https://www.amazon.com/Microsoft-Surface-Pentium-Certified-Refurbished/dp/B07FRNPVQN/ref=sr_1_11?dib=eyJ2IjoiMSJ9.s2v7o9lOGYpLpuAlN65DP8RgHpT7NVyNaNrVInwUCStxjAXQ672lzAqI1-RPAt_wQSnU31Kz_7eEcn1MTywsv40L2g9zFdMXg9PVvkF1HHCaLusCZkF_IHm0XqIAcF03aQHzP4qZ7s433wqf6do3Lo-dRrDJZN07grEcyNf3yGc1PxrroOx3sNHKxMFd9udBNIOglT5rVJg2C4AiuxIczx3VFGXiD36ph2mXYnLPvD_2QPuRDTO8B8XOmJMgVoLpLkv-Wye5S16b5lsyy4jjLDgfKiHB9mDVmxXbalRPJDU.xNYfylA-CG23armgUaVHTGRvcg22rpa_sPLppqrhOpM&dib_tag=se&qid=1751098074&refinements=p_123%3A42439&rnid=85457740011&s=computers-intl-ship&sr=1-11,$169.00,https://m.media-amazon.com/images/I/61vAmTmH3FL._AC_UL320_.jpg,3.9 out of 5 stars,354,,"Wed, Jul 2",$109.99,100+ bought in past month,(8 used & new offers)
B0C8BHTXTW,"Microsoft Surface Laptop 4 - i7-1185G7 16GB RAM, 512GB SSD, 13.5"" High-Performance Touchscreen Windows 11, Lightweight with Sleek Design Platinum 5EI-00019 (Renewed)",https://www.amazon.com/Microsoft-Surface-Laptop-High-Performance-Touchscreen/dp/B0C8BHTXTW/ref=sr_1_12?dib=eyJ2IjoiMSJ9.s2v7o9lOGYpLpuAlN65DP8RgHpT7NVyNaNrVInwUCStxjAXQ672lzAqI1-RPAt_wQSnU31Kz_7eEcn1MTywsv40L2g9zFdMXg9PVvkF1HHCaLusCZkF_IHm0XqIAcF03aQHzP4qZ7s433wqf6do3Lo-dRrDJZN07grEcyNf3yGc1PxrroOx3sNHKxMFd9udBNIOglT5rVJg2C4AiuxIczx3VFGXiD36ph2mXYnLPvD_2QPuRDTO8B8XOmJMgVoLpLkv-Wye5S16b5lsyy4jjLDgfKiHB9mDVmxXbalRPJDU.xNYfylA-CG23armgUaVHTGRvcg22rpa_sPLppqrhOpM&dib_tag=se&qid=1751098074&refinements=p_123%3A42439&rnid=85457740011&s=computers-intl-ship&sr=1-12,$432.79,https://m.media-amazon.com/images/I/71t7Es8s94L._AC_UL320_.jpg,4.1 out of 5 stars,181,,"Tue, Jul 1",$430.63,50+ bought in past month,(12 new offers)
B0DV6KNHM7,"Microsoft Surface Laptop Go 12.4"" Laptop, 16GB RAM, 256GB SSD, Platinum (Renewed) | Touchscreen, Intel Core i5-1035G1",https://www.amazon.com/Microsoft-Surface-Platinum-Touchscreen-i5-1035G1/dp/B0DV6KNHM7/ref=sr_1_13?dib=eyJ2IjoiMSJ9.s2v7o9lOGYpLpuAlN65DP8RgHpT7NVyNaNrVInwUCStxjAXQ672lzAqI1-RPAt_wQSnU31Kz_7eEcn1MTywsv40L2g9zFdMXg9PVvkF1HHCaLusCZkF_IHm0XqIAcF03aQHzP4qZ7s433wqf6do3Lo-dRrDJZN07grEcyNf3yGc1PxrroOx3sNHKxMFd9udBNIOglT5rVJg2C4AiuxIczx3VFGXiD36ph2mXYnLPvD_2QPuRDTO8B8XOmJMgVoLpLkv-Wye5S16b5lsyy4jjLDgfKiHB9mDVmxXbalRPJDU.xNYfylA-CG23armgUaVHTGRvcg22rpa_sPLppqrhOpM&dib_tag=se&qid=1751098074&refinements=p_123%3A42439&rnid=85457740011&s=computers-intl-ship&sr=1-13,$309.99,https://m.media-amazon.com/images/I/51x6PbZ3CPL._AC_UL320_.jpg,5.0 out of 5 stars,5,,"Wed, Jul 2",$256.49,50+ bought in past month,(5 used & new offers)
B081ZH7L9X,Microsoft Surface Pro 7 12.3in Intel Core i5 10th Gen 8GB RAM 128GB SSD Platinum (Renewed),https://www.amazon.com/NEW-Microsoft-Surface-Pro-Touch-Screen/dp/B081ZH7L9X/ref=sr_1_14?dib=eyJ2IjoiMSJ9.s2v7o9lOGYpLpuAlN65DP8RgHpT7NVyNaNrVInwUCStxjAXQ672lzAqI1-RPAt_wQSnU31Kz_7eEcn1MTywsv40L2g9zFdMXg9PVvkF1HHCaLusCZkF_IHm0XqIAcF03aQHzP4qZ7s433wqf6do3Lo-dRrDJZN07grEcyNf3yGc1PxrroOx3sNHKxMFd9udBNIOglT5rVJg2C4AiuxIczx3VFGXiD36ph2mXYnLPvD_2QPuRDTO8B8XOmJMgVoLpLkv-Wye5S16b5lsyy4jjLDgfKiHB9mDVmxXbalRPJDU.xNYfylA-CG23armgUaVHTGRvcg22rpa_sPLppqrhOpM&dib_tag=se&qid=1751098074&refinements=p_123%3A42439&rnid=85457740011&s=computers-intl-ship&sr=1-14,$319.00,https://m.media-amazon.com/images/I/61pBCA+ORWL._AC_UL320_.jpg,4.0 out of 5 stars,244,,"Wed, Jul 2",$239.95,50+ bought in past month,(7+ used & new offers)
B07ZQ1GFQ8,"Microsoft Surface Pro 6 (Intel Core i5, 8GB RAM, 128GB) - Black - NKR-00001, Platinum",https://www.amazon.com/Microsoft-Surface-Intel-Core-128GB/dp/B07ZQ1GFQ8/ref=sr_1_15?dib=eyJ2IjoiMSJ9.s2v7o9lOGYpLpuAlN65DP8RgHpT7NVyNaNrVInwUCStxjAXQ672lzAqI1-RPAt_wQSnU31Kz_7eEcn1MTywsv40L2g9zFdMXg9PVvkF1HHCaLusCZkF_IHm0XqIAcF03aQHzP4qZ7s433wqf6do3Lo-dRrDJZN07grEcyNf3yGc1PxrroOx3sNHKxMFd9udBNIOglT5rVJg2C4AiuxIczx3VFGXiD36ph2mXYnLPvD_2QPuRDTO8B8XOmJMgVoLpLkv-Wye5S16b5lsyy4jjLDgfKiHB9mDVmxXbalRPJDU.xNYfylA-CG23armgUaVHTGRvcg22rpa_sPLppqrhOpM&dib_tag=se&qid=1751098074&refinements=p_123%3A42439&rnid=85457740011&s=computers-intl-ship&sr=1-15,$299.90,https://m.media-amazon.com/images/I/616hdAATeCL._AC_UL320_.jpg,3.9 out of 5 stars,124,,"Thu, Jul 3",$287.10,50+ bought in past month,(3 used & new offers)
B07NRQWCLK,"Microsoft Surface Pro 6 (Intel Core i5, 8GB RAM, 128GB SSD) Platinum (Renewed)",https://www.amazon.com/Microsoft-Surface-Intel-Core-128GB/dp/B07NRQWCLK/ref=sr_1_16?dib=eyJ2IjoiMSJ9.s2v7o9lOGYpLpuAlN65DP8RgHpT7NVyNaNrVInwUCStxjAXQ672lzAqI1-RPAt_wQSnU31Kz_7eEcn1MTywsv40L2g9zFdMXg9PVvkF1HHCaLusCZkF_IHm0XqIAcF03aQHzP4qZ7s433wqf6do3Lo-dRrDJZN07grEcyNf3yGc1PxrroOx3sNHKxMFd9udBNIOglT5rVJg2C4AiuxIczx3VFGXiD36ph2mXYnLPvD_2QPuRDTO8B8XOmJMgVoLpLkv-Wye5S16b5lsyy4jjLDgfKiHB9mDVmxXbalRPJDU.xNYfylA-CG23armgUaVHTGRvcg22rpa_sPLppqrhOpM&dib_tag=se&qid=1751098074&refinements=p_123%3A42439&rnid=85457740011&s=computers-intl-ship&sr=1-16,$278.00,https://m.media-amazon.com/images/I/516nNGkjX-L._AC_UL320_.jpg,4.0 out of 5 stars,579,,"Thu, Jul 3",$235.00,,(11+ used & new offers)
B0BK2F146W,"Microsoft Surface Pro 9 13"" Touch Tablet, Intel i7, 16GB/512GB, Platinum Bundle Surface Pro Signature Mechanical Keyboard, Black and 1 YR CPS Enhanced Protection Pack",https://www.amazon.com/Microsoft-QIX-00001-Signature-Mechanical-Protection/dp/B0BK2F146W/ref=sr_1_17?dib=eyJ2IjoiMSJ9.s2v7o9lOGYpLpuAlN65DP8RgHpT7NVyNaNrVInwUCStxjAXQ672lzAqI1-RPAt_wQSnU31Kz_7eEcn1MTywsv40L2g9zFdMXg9PVvkF1HHCaLusCZkF_IHm0XqIAcF03aQHzP4qZ7s433wqf6do3Lo-dRrDJZN07grEcyNf3yGc1PxrroOx3sNHKxMFd9udBNIOglT5rVJg2C4AiuxIczx3VFGXiD36ph2mXYnLPvD_2QPuRDTO8B8XOmJMgVoLpLkv-Wye5S16b5lsyy4jjLDgfKiHB9mDVmxXbalRPJDU.xNYfylA-CG23armgUaVHTGRvcg22rpa_sPLppqrhOpM&dib_tag=se&qid=1751098074&refinements=p_123%3A42439&rnid=85457740011&s=computers-intl-ship&sr=1-17,"$1,459.00",https://m.media-amazon.com/images/I/518TNZl06xL._AC_UL320_.jpg,4.5 out of 5 stars,112,,"Wed, Jul 2",,,
B0DM3N2HG6,"Microsoft Surface Pro 11 Bundle, 2-in-1 Tablet with Pro Keyboard and Surface Pen, Copilot+ PC, 13"" Touchscreen OLED, Snapdragon X Elite, 16GB RAM, 1TB SSD, Windows 11 Pro, Platinum",https://www.amazon.com/Microsoft-Surface-Pro-11-Touchscreen/dp/B0DM3N2HG6/ref=sr_1_18?dib=eyJ2IjoiMSJ9.s2v7o9lOGYpLpuAlN65DP8RgHpT7NVyNaNrVInwUCStxjAXQ672lzAqI1-RPAt_wQSnU31Kz_7eEcn1MTywsv40L2g9zFdMXg9PVvkF1HHCaLusCZkF_IHm0XqIAcF03aQHzP4qZ7s433wqf6do3Lo-dRrDJZN07grEcyNf3yGc1PxrroOx3sNHKxMFd9udBNIOglT5rVJg2C4AiuxIczx3VFGXiD36ph2mXYnLPvD_2QPuRDTO8B8XOmJMgVoLpLkv-Wye5S16b5lsyy4jjLDgfKiHB9mDVmxXbalRPJDU.xNYfylA-CG23armgUaVHTGRvcg22rpa_sPLppqrhOpM&dib_tag=se&qid=1751098074&refinements=p_123%3A42439&rnid=85457740011&s=computers-intl-ship&sr=1-18,"$1,599.99",https://m.media-amazon.com/images/I/512kGLOjALL._AC_UL320_.jpg,4.3 out of 5 stars,32,,"Tue, Jul 1",,,
B0F8QF5646,"Microsoft Surface Pro 5 Tablet, 12.3""(2736 x 1824) 2K Touchscreen, Core i5-7300, 8GB RAM 256GB SSD, USB 3.0, DisplayPort, WiFi, BT, Win 11 Pro(Renewed)",https://www.amazon.com/Microsoft-Surface-Touchscreen-i5-7300-DisplayPort/dp/B0F8QF5646/ref=sr_1_19?dib=eyJ2IjoiMSJ9.s2v7o9lOGYpLpuAlN65DP8RgHpT7NVyNaNrVInwUCStxjAXQ672lzAqI1-RPAt_wQSnU31Kz_7eEcn1MTywsv40L2g9zFdMXg9PVvkF1HHCaLusCZkF_IHm0XqIAcF03aQHzP4qZ7s433wqf6do3Lo-dRrDJZN07grEcyNf3yGc1PxrroOx3sNHKxMFd9udBNIOglT5rVJg2C4AiuxIczx3VFGXiD36ph2mXYnLPvD_2QPuRDTO8B8XOmJMgVoLpLkv-Wye5S16b5lsyy4jjLDgfKiHB9mDVmxXbalRPJDU.xNYfylA-CG23armgUaVHTGRvcg22rpa_sPLppqrhOpM&dib_tag=se&qid=1751098074&refinements=p_123%3A42439&rnid=85457740011&s=computers-intl-ship&sr=1-19,$238.90,https://m.media-amazon.com/images/I/61Jn15i-9qL._AC_UL320_.jpg,4.1 out of 5 stars,5,,"Thu, Jul 3",,,
B0DHDF3DT9,"Microsoft Surface Laptop Go 3 (2023) - 12.4-inch Touchscreen, Intel i5-1235U, 8GB RAM, 256GB SSD, Windows 11, Sage (Renewed)",https://www.amazon.com/Microsoft-Surface-Laptop-12-4-inch-Touchscreen/dp/B0DHDF3DT9/ref=sr_1_20?dib=eyJ2IjoiMSJ9.s2v7o9lOGYpLpuAlN65DP8RgHpT7NVyNaNrVInwUCStxjAXQ672lzAqI1-RPAt_wQSnU31Kz_7eEcn1MTywsv40L2g9zFdMXg9PVvkF1HHCaLusCZkF_IHm0XqIAcF03aQHzP4qZ7s433wqf6do3Lo-dRrDJZN07grEcyNf3yGc1PxrroOx3sNHKxMFd9udBNIOglT5rVJg2C4AiuxIczx3VFGXiD36ph2mXYnLPvD_2QPuRDTO8B8XOmJMgVoLpLkv-Wye5S16b5lsyy4jjLDgfKiHB9mDVmxXbalRPJDU.xNYfylA-CG23armgUaVHTGRvcg22rpa_sPLppqrhOpM&dib_tag=se&qid=1751098074&refinements=p_123%3A42439&rnid=85457740011&s=computers-intl-ship&sr=1-20,$487.99,https://m.media-amazon.com/images/I/41fTQyqEquL._AC_UL320_.jpg,5.0 out of 5 stars,2,,Jul 2 - 7,,,
B0CTB7YJJB,"Microsoft Surface Laptop Go 3 12.4"" Touchscreen Notebook - Intel Core i5-8 GB - 256 GB SSD - English Keyboard - Platinum",https://www.amazon.com/Microsoft-Surface-Laptop-Touchscreen-Notebook/dp/B0CTB7YJJB/ref=sr_1_21?dib=eyJ2IjoiMSJ9.s2v7o9lOGYpLpuAlN65DP8RgHpT7NVyNaNrVInwUCStxjAXQ672lzAqI1-RPAt_wQSnU31Kz_7eEcn1MTywsv40L2g9zFdMXg9PVvkF1HHCaLusCZkF_IHm0XqIAcF03aQHzP4qZ7s433wqf6do3Lo-dRrDJZN07grEcyNf3yGc1PxrroOx3sNHKxMFd9udBNIOglT5rVJg2C4AiuxIczx3VFGXiD36ph2mXYnLPvD_2QPuRDTO8B8XOmJMgVoLpLkv-Wye5S16b5lsyy4jjLDgfKiHB9mDVmxXbalRPJDU.xNYfylA-CG23armgUaVHTGRvcg22rpa_sPLppqrhOpM&dib_tag=se&qid=1751098074&refinements=p_123%3A42439&rnid=85457740011&s=computers-intl-ship&sr=1-21,$660.18,https://m.media-amazon.com/images/I/61gDFgFiogL._AC_UL320_.jpg,,,,"Wed, Jul 9",$480.00,,(16 used & new offers)
B07D3XHKDN,Microsoft Surface Pro Intel i7-7660U 2.6GHz 8GB 256GB SSD Win 10 Pro (Renewed),https://www.amazon.com/Microsoft-Surface-i7-7660U-Certified-Refurbished/dp/B07D3XHKDN/ref=sr_1_22?dib=eyJ2IjoiMSJ9.s2v7o9lOGYpLpuAlN65DP8RgHpT7NVyNaNrVInwUCStxjAXQ672lzAqI1-RPAt_wQSnU31Kz_7eEcn1MTywsv40L2g9zFdMXg9PVvkF1HHCaLusCZkF_IHm0XqIAcF03aQHzP4qZ7s433wqf6do3Lo-dRrDJZN07grEcyNf3yGc1PxrroOx3sNHKxMFd9udBNIOglT5rVJg2C4AiuxIczx3VFGXiD36ph2mXYnLPvD_2QPuRDTO8B8XOmJMgVoLpLkv-Wye5S16b5lsyy4jjLDgfKiHB9mDVmxXbalRPJDU.xNYfylA-CG23armgUaVHTGRvcg22rpa_sPLppqrhOpM&dib_tag=se&qid=1751098074&refinements=p_123%3A42439&rnid=85457740011&s=computers-intl-ship&sr=1-22,$369.99,https://m.media-amazon.com/images/I/615v6p2M7yS._AC_UL320_.jpg,3.8 out of 5 stars,114,,Jul 6 - 9,$345.00,,(5+ used & new offers)
B0773THZT3,"Microsoft Surface Pro 4 (Intel Core i5, 4GB RAM, 128GB) with Windows 10 Anniversary (Renewed)",https://www.amazon.com/Microsoft-Surface-Anniversary-Certified-Refurbished/dp/B0773THZT3/ref=sr_1_23?dib=eyJ2IjoiMSJ9.s2v7o9lOGYpLpuAlN65DP8RgHpT7NVyNaNrVInwUCStxjAXQ672lzAqI1-RPAt_wQSnU31Kz_7eEcn1MTywsv40L2g9zFdMXg9PVvkF1HHCaLusCZkF_IHm0XqIAcF03aQHzP4qZ7s433wqf6do3Lo-dRrDJZN07grEcyNf3yGc1PxrroOx3sNHKxMFd9udBNIOglT5rVJg2C4AiuxIczx3VFGXiD36ph2mXYnLPvD_2QPuRDTO8B8XOmJMgVoLpLkv-Wye5S16b5lsyy4jjLDgfKiHB9mDVmxXbalRPJDU.xNYfylA-CG23armgUaVHTGRvcg22rpa_sPLppqrhOpM&dib_tag=se&qid=1751098074&refinements=p_123%3A42439&rnid=85457740011&s=computers-intl-ship&sr=1-23,$149.99,https://m.media-amazon.com/images/I/514i6XBqJWL._AC_UL320_.jpg,3.6 out of 5 stars,367,,"Mon, Jul 7",,,
B0F9XDJ4DR,"Microsoft Surface Pro 11 Copilot+ PC Tablet - 13"" - vPro Technology - 16 GB - 256 GB SSD - Windows 11 Pro - Black",https://www.amazon.com/Microsoft-Surface-Pro-Copilot-Tablet/dp/B0F9XDJ4DR/ref=sr_1_24?dib=eyJ2IjoiMSJ9.s2v7o9lOGYpLpuAlN65DP8RgHpT7NVyNaNrVInwUCStxjAXQ672lzAqI1-RPAt_wQSnU31Kz_7eEcn1MTywsv40L2g9zFdMXg9PVvkF1HHCaLusCZkF_IHm0XqIAcF03aQHzP4qZ7s433wqf6do3Lo-dRrDJZN07grEcyNf3yGc1PxrroOx3sNHKxMFd9udBNIOglT5rVJg2C4AiuxIczx3VFGXiD36ph2mXYnLPvD_2QPuRDTO8B8XOmJMgVoLpLkv-Wye5S16b5lsyy4jjLDgfKiHB9mDVmxXbalRPJDU.xNYfylA-CG23armgUaVHTGRvcg22rpa_sPLppqrhOpM&dib_tag=se&qid=1751098074&refinements=p_123%3A42439&rnid=85457740011&s=computers-intl-ship&sr=1-24,"$1,585.34",https://m.media-amazon.com/images/I/519DBqa1YcL._AC_UL320_.jpg,,,,"Thu, Jul 3",,,
B0DN2YY381,"Microsoft Surface Pro 11 Snapdragon X Elite Laptop/Tablet (2024), 13"" OLED Touchscreen Display, 16GB/1TB, Windows 11 Copilot + PC Bundle with Surface Pro Keyboard, Black",https://www.amazon.com/Microsoft-Surface-Snapdragon-Touchscreen-Keyboard/dp/B0DN2YY381/ref=sr_1_25?dib=eyJ2IjoiMSJ9.ciH0FyAERzsvE7KM_PuqtCYhKSQs3GykFLln_w4UTwn1L6DCkn_8Y309uMXMkpfffM5JIryZ1m0xAjpg5YppagpXmzVWb-nqt-iW6SKSG8gcztVwbzrPBVUBIgxJwCH3enDoDeRkTHBnRudv1TMB6SM2v3RpMZXxiNbDODJYKbNmYzhbZvf5uE4gWqlI_CkK1o5TtRUIHdlroqfCcxitS12oiHXXeo3Vf7fjm11N3JmUPuEKp5cS-qazKvJafGlX1GeuKdHAdPt5IsiyAiUhhodXqcjolERD1jefOCH_3U8.o4Wq0TIVjpR8uIJa3_b1o9Vo10dBdmu-AgOdXV4M52E&dib_tag=se&qid=1751098088&refinements=p_123%3A42439&rnid=85457740011&s=computers-intl-ship&sr=1-25,"$1,299.99",https://m.media-amazon.com/images/I/516odOsANqL._AC_UL320_.jpg,3.9 out of 5 stars,18,,"Mon, Jul 7",,,
B087N2V66J,Microsoft Surface Laptop 3 13.5in Touchscreen Intel i5 8GB RAM 256GB SSD Win 10 (Renewed),https://www.amazon.com/Microsoft-Surface-Laptop-Touch-Screen-Alcantara/dp/B087N2V66J/ref=sr_1_26?dib=eyJ2IjoiMSJ9.ciH0FyAERzsvE7KM_PuqtCYhKSQs3GykFLln_w4UTwn1L6DCkn_8Y309uMXMkpfffM5JIryZ1m0xAjpg5YppagpXmzVWb-nqt-iW6SKSG8gcztVwbzrPBVUBIgxJwCH3enDoDeRkTHBnRudv1TMB6SM2v3RpMZXxiNbDODJYKbNmYzhbZvf5uE4gWqlI_CkK1o5TtRUIHdlroqfCcxitS12oiHXXeo3Vf7fjm11N3JmUPuEKp5cS-qazKvJafGlX1GeuKdHAdPt5IsiyAiUhhodXqcjolERD1jefOCH_3U8.o4Wq0TIVjpR8uIJa3_b1o9Vo10dBdmu-AgOdXV4M52E&dib_tag=se&qid=1751098088&refinements=p_123%3A42439&rnid=85457740011&s=computers-intl-ship&sr=1-26,$279.00,https://m.media-amazon.com/images/I/71C1sML0aYL._AC_UL320_.jpg,3.8 out of 5 stars,39,,Jul 10 - 14,$225.39,,(8+ used & new offers)
B01HN4HIAK,"Latest Microsoft Surface Pro 4 - Intel Core, 4GB Ram, 128GB SSD, Bluetooth, Dual Camera - Windows 10 (Renewed)",https://www.amazon.com/Microsoft-Surface-Intel-Core-Renewed/dp/B01HN4HIAK/ref=sr_1_27?dib=eyJ2IjoiMSJ9.ciH0FyAERzsvE7KM_PuqtCYhKSQs3GykFLln_w4UTwn1L6DCkn_8Y309uMXMkpfffM5JIryZ1m0xAjpg5YppagpXmzVWb-nqt-iW6SKSG8gcztVwbzrPBVUBIgxJwCH3enDoDeRkTHBnRudv1TMB6SM2v3RpMZXxiNbDODJYKbNmYzhbZvf5uE4gWqlI_CkK1o5TtRUIHdlroqfCcxitS12oiHXXeo3Vf7fjm11N3JmUPuEKp5cS-qazKvJafGlX1GeuKdHAdPt5IsiyAiUhhodXqcjolERD1jefOCH_3U8.o4Wq0TIVjpR8uIJa3_b1o9Vo10dBdmu-AgOdXV4M52E&dib_tag=se&qid=1751098088&refinements=p_123%3A42439&rnid=85457740011&s=computers-intl-ship&sr=1-27,$110.30,https://m.media-amazon.com/images/I/51rUCcf92JL._AC_UL320_.jpg,3.8 out of 5 stars,241,,"Sat, Jul 5",,50+ bought in past month,
B0F9XGHG97,"Microsoft Surface Laptop 7 15"" Touchscreen Copilot+ PC Notebook - Intel Core Ultra 5-32 GB - 512 GB SSD - English Keyboard - Platinum",https://www.amazon.com/Microsoft-Surface-Touchscreen-Copilot-Notebook/dp/B0F9XGHG97/ref=sr_1_28?dib=eyJ2IjoiMSJ9.ciH0FyAERzsvE7KM_PuqtCYhKSQs3GykFLln_w4UTwn1L6DCkn_8Y309uMXMkpfffM5JIryZ1m0xAjpg5YppagpXmzVWb-nqt-iW6SKSG8gcztVwbzrPBVUBIgxJwCH3enDoDeRkTHBnRudv1TMB6SM2v3RpMZXxiNbDODJYKbNmYzhbZvf5uE4gWqlI_CkK1o5TtRUIHdlroqfCcxitS12oiHXXeo3Vf7fjm11N3JmUPuEKp5cS-qazKvJafGlX1GeuKdHAdPt5IsiyAiUhhodXqcjolERD1jefOCH_3U8.o4Wq0TIVjpR8uIJa3_b1o9Vo10dBdmu-AgOdXV4M52E&dib_tag=se&qid=1751098088&refinements=p_123%3A42439&rnid=85457740011&s=computers-intl-ship&sr=1-28,"$2,114.54",https://m.media-amazon.com/images/I/51LIrgKirRL._AC_UL320_.jpg,,,,Jul 3 - 8,,,
B07W3X97JW,"Microsoft Surface Laptop 2 13.5"" Touchscreen Laptop, Intel Core i7-8650u, 16GB RAM, 512GB SSD, Backlit Keyboard, Mini DisplayPort, USB 3.0, WIFI, Bluetooth, Windows 10 Pro (Renewed)",https://www.amazon.com/Microsoft-Surface-Laptop-Intel-512GB/dp/B07W3X97JW/ref=sr_1_29?dib=eyJ2IjoiMSJ9.ciH0FyAERzsvE7KM_PuqtCYhKSQs3GykFLln_w4UTwn1L6DCkn_8Y309uMXMkpfffM5JIryZ1m0xAjpg5YppagpXmzVWb-nqt-iW6SKSG8gcztVwbzrPBVUBIgxJwCH3enDoDeRkTHBnRudv1TMB6SM2v3RpMZXxiNbDODJYKbNmYzhbZvf5uE4gWqlI_CkK1o5TtRUIHdlroqfCcxitS12oiHXXeo3Vf7fjm11N3JmUPuEKp5cS-qazKvJafGlX1GeuKdHAdPt5IsiyAiUhhodXqcjolERD1jefOCH_3U8.o4Wq0TIVjpR8uIJa3_b1o9Vo10dBdmu-AgOdXV4M52E&dib_tag=se&qid=1751098088&refinements=p_123%3A42439&rnid=85457740011&s=computers-intl-ship&sr=1-29,$279.00,https://m.media-amazon.com/images/I/71Sq2lMPr1L._AC_UL320_.jpg,4.5 out of 5 stars,46,,Jul 1 - 2,$278.99,,(6 new offers)
B01HN3LEGA,"Microsoft Surface Pro 4 12.3"" Laptop i5-6300U 4GB 128GB SSD W10P Touch (Renewed)",https://www.amazon.com/Microsoft-Surface-Intel-Certified-Refurbished/dp/B01HN3LEGA/ref=sr_1_30?dib=eyJ2IjoiMSJ9.ciH0FyAERzsvE7KM_PuqtCYhKSQs3GykFLln_w4UTwn1L6DCkn_8Y309uMXMkpfffM5JIryZ1m0xAjpg5YppagpXmzVWb-nqt-iW6SKSG8gcztVwbzrPBVUBIgxJwCH3enDoDeRkTHBnRudv1TMB6SM2v3RpMZXxiNbDODJYKbNmYzhbZvf5uE4gWqlI_CkK1o5TtRUIHdlroqfCcxitS12oiHXXeo3Vf7fjm11N3JmUPuEKp5cS-qazKvJafGlX1GeuKdHAdPt5IsiyAiUhhodXqcjolERD1jefOCH_3U8.o4Wq0TIVjpR8uIJa3_b1o9Vo10dBdmu-AgOdXV4M52E&dib_tag=se&qid=1751098088&refinements=p_123%3A42439&rnid=85457740011&s=computers-intl-ship&sr=1-30,$146.00,https://m.media-amazon.com/images/I/61+190WRzZL._AC_UL320_.jpg,3.7 out of 5 stars,269,,"Thu, Jul 3",,,
B07FF9XX9N,"Microsoft Surface Pro (5th Gen) (Intel Core i5, 8GB RAM, 256GB) LTE (Renewed)",https://www.amazon.com/Microsoft-Surface-Advanced-Certified-Refurbished/dp/B07FF9XX9N/ref=sr_1_31?dib=eyJ2IjoiMSJ9.ciH0FyAERzsvE7KM_PuqtCYhKSQs3GykFLln_w4UTwn1L6DCkn_8Y309uMXMkpfffM5JIryZ1m0xAjpg5YppagpXmzVWb-nqt-iW6SKSG8gcztVwbzrPBVUBIgxJwCH3enDoDeRkTHBnRudv1TMB6SM2v3RpMZXxiNbDODJYKbNmYzhbZvf5uE4gWqlI_CkK1o5TtRUIHdlroqfCcxitS12oiHXXeo3Vf7fjm11N3JmUPuEKp5cS-qazKvJafGlX1GeuKdHAdPt5IsiyAiUhhodXqcjolERD1jefOCH_3U8.o4Wq0TIVjpR8uIJa3_b1o9Vo10dBdmu-AgOdXV4M52E&dib_tag=se&qid=1751098088&refinements=p_123%3A42439&rnid=85457740011&s=computers-intl-ship&sr=1-31,$299.24,https://m.media-amazon.com/images/I/61KtLHfU+nL._AC_UL320_.jpg,3.5 out of 5 stars,43,,"Thu, Jul 3",$259.99,,(7+ used & new offers)
B081ZLJ8GQ,"Microsoft Surface Laptop 3 13.5"" Touch-Screen Intel Core i5-8GB Memory - 256GB Solid State Drive (PKX-00003) Matte Black (Renewed)",https://www.amazon.com/Microsoft-Surface-Laptop-Touch-Screen-Renewed/dp/B081ZLJ8GQ/ref=sr_1_32?dib=eyJ2IjoiMSJ9.ciH0FyAERzsvE7KM_PuqtCYhKSQs3GykFLln_w4UTwn1L6DCkn_8Y309uMXMkpfffM5JIryZ1m0xAjpg5YppagpXmzVWb-nqt-iW6SKSG8gcztVwbzrPBVUBIgxJwCH3enDoDeRkTHBnRudv1TMB6SM2v3RpMZXxiNbDODJYKbNmYzhbZvf5uE4gWqlI_CkK1o5TtRUIHdlroqfCcxitS12oiHXXeo3Vf7fjm11N3JmUPuEKp5cS-qazKvJafGlX1GeuKdHAdPt5IsiyAiUhhodXqcjolERD1jefOCH_3U8.o4Wq0TIVjpR8uIJa3_b1o9Vo10dBdmu-AgOdXV4M52E&dib_tag=se&qid=1751098088&refinements=p_123%3A42439&rnid=85457740011&s=computers-intl-ship&sr=1-32,$288.54,https://m.media-amazon.com/images/I/61mEpQu5+oL._AC_UL320_.jpg,4.2 out of 5 stars,196,,Jul 2 - 7,$279.95,,(7+ used & new offers)
B07F1WRHNM,"Microsoft Surface Book 2 (Intel Core i5, 8GB RAM, 256GB) - 13.5in (Renewed)",https://www.amazon.com/Microsoft-Surface-Book-Intel-256GB/dp/B07F1WRHNM/ref=sr_1_33?dib=eyJ2IjoiMSJ9.ciH0FyAERzsvE7KM_PuqtCYhKSQs3GykFLln_w4UTwn1L6DCkn_8Y309uMXMkpfffM5JIryZ1m0xAjpg5YppagpXmzVWb-nqt-iW6SKSG8gcztVwbzrPBVUBIgxJwCH3enDoDeRkTHBnRudv1TMB6SM2v3RpMZXxiNbDODJYKbNmYzhbZvf5uE4gWqlI_CkK1o5TtRUIHdlroqfCcxitS12oiHXXeo3Vf7fjm11N3JmUPuEKp5cS-qazKvJafGlX1GeuKdHAdPt5IsiyAiUhhodXqcjolERD1jefOCH_3U8.o4Wq0TIVjpR8uIJa3_b1o9Vo10dBdmu-AgOdXV4M52E&dib_tag=se&qid=1751098088&refinements=p_123%3A42439&rnid=85457740011&s=computers-intl-ship&sr=1-33,$219.00,https://m.media-amazon.com/images/I/71dwA+AWtsL._AC_UL320_.jpg,3.8 out of 5 stars,91,,Jul 1 - 2,$199.99,,(7+ used & new offers)
B0F9X68858,"Microsoft Surface Laptop 7 13.8"" Touchscreen Copilot+ PC Notebook - Intel Core Ultra 7-16 GB - 512 GB SSD - English (US) Keyboard - Platinum",https://www.amazon.com/Microsoft-Surface-Touchscreen-Copilot-Notebook/dp/B0F9X68858/ref=sr_1_34?dib=eyJ2IjoiMSJ9.ciH0FyAERzsvE7KM_PuqtCYhKSQs3GykFLln_w4UTwn1L6DCkn_8Y309uMXMkpfffM5JIryZ1m0xAjpg5YppagpXmzVWb-nqt-iW6SKSG8gcztVwbzrPBVUBIgxJwCH3enDoDeRkTHBnRudv1TMB6SM2v3RpMZXxiNbDODJYKbNmYzhbZvf5uE4gWqlI_CkK1o5TtRUIHdlroqfCcxitS12oiHXXeo3Vf7fjm11N3JmUPuEKp5cS-qazKvJafGlX1GeuKdHAdPt5IsiyAiUhhodXqcjolERD1jefOCH_3U8.o4Wq0TIVjpR8uIJa3_b1o9Vo10dBdmu-AgOdXV4M52E&dib_tag=se&qid=1751098088&refinements=p_123%3A42439&rnid=85457740011&s=computers-intl-ship&sr=1-34,"$1,689.36",https://m.media-amazon.com/images/I/51NGtP-uIPL._AC_UL320_.jpg,,,,Jul 3 - 8,,,
B084S2XDP8,Microsoft Surface Pro 7 12.3 Tablet i5-1035G4 8GB 256GB SSD Windows 10 Home (Renewed),https://www.amazon.com/NEW-Microsoft-Surface-Pro-Touch-Screen/dp/B084S2XDP8/ref=sr_1_35?dib=eyJ2IjoiMSJ9.ciH0FyAERzsvE7KM_PuqtCYhKSQs3GykFLln_w4UTwn1L6DCkn_8Y309uMXMkpfffM5JIryZ1m0xAjpg5YppagpXmzVWb-nqt-iW6SKSG8gcztVwbzrPBVUBIgxJwCH3enDoDeRkTHBnRudv1TMB6SM2v3RpMZXxiNbDODJYKbNmYzhbZvf5uE4gWqlI_CkK1o5TtRUIHdlroqfCcxitS12oiHXXeo3Vf7fjm11N3JmUPuEKp5cS-qazKvJafGlX1GeuKdHAdPt5IsiyAiUhhodXqcjolERD1jefOCH_3U8.o4Wq0TIVjpR8uIJa3_b1o9Vo10dBdmu-AgOdXV4M52E&dib_tag=se&qid=1751098088&refinements=p_123%3A42439&rnid=85457740011&s=computers-intl-ship&sr=1-35,$349.99,https://m.media-amazon.com/images/I/6196zx13bHL._AC_UL320_.jpg,4.2 out of 5 stars,83,,"Wed, Jul 2",$289.90,,(6+ used & new offers)
B0FBWH8JJX,"Microsoft Surface Laptop 4 | 13.5in Touchscreen Laptop | AMD Ryzen 5 Surface Edition | 16GB RAM, 512GB SSD | 2256×1504 Display | Win 11 Pro (renewed)",https://www.amazon.com/Microsoft-Surface-Touchscreen-2256%C3%971504-Display/dp/B0FBWH8JJX/ref=sr_1_36?dib=eyJ2IjoiMSJ9.ciH0FyAERzsvE7KM_PuqtCYhKSQs3GykFLln_w4UTwn1L6DCkn_8Y309uMXMkpfffM5JIryZ1m0xAjpg5YppagpXmzVWb-nqt-iW6SKSG8gcztVwbzrPBVUBIgxJwCH3enDoDeRkTHBnRudv1TMB6SM2v3RpMZXxiNbDODJYKbNmYzhbZvf5uE4gWqlI_CkK1o5TtRUIHdlroqfCcxitS12oiHXXeo3Vf7fjm11N3JmUPuEKp5cS-qazKvJafGlX1GeuKdHAdPt5IsiyAiUhhodXqcjolERD1jefOCH_3U8.o4Wq0TIVjpR8uIJa3_b1o9Vo10dBdmu-AgOdXV4M52E&dib_tag=se&qid=1751098088&refinements=p_123%3A42439&rnid=85457740011&s=computers-intl-ship&sr=1-36,$368.50,https://m.media-amazon.com/images/I/71u7x9rKnvL._AC_UL320_.jpg,,,,"Thu, Jul 3",,,
B0CTK4JW99,"Microsoft Surface Pro 5 Tablet PC 12.3"" (2736x1824), Core i5-7300U Surface Laptop Touchscreen, 8GB RAM, 256GB SSD, USB 3.0, DisplayPort, BT, WiFi, Windows 10 Pro (Renewed)",https://www.amazon.com/Microsoft-2736x1824-i5-7300U-Touchscreen-DisplayPort/dp/B0CTK4JW99/ref=sr_1_37?dib=eyJ2IjoiMSJ9.ciH0FyAERzsvE7KM_PuqtCYhKSQs3GykFLln_w4UTwn1L6DCkn_8Y309uMXMkpfffM5JIryZ1m0xAjpg5YppagpXmzVWb-nqt-iW6SKSG8gcztVwbzrPBVUBIgxJwCH3enDoDeRkTHBnRudv1TMB6SM2v3RpMZXxiNbDODJYKbNmYzhbZvf5uE4gWqlI_CkK1o5TtRUIHdlroqfCcxitS12oiHXXeo3Vf7fjm11N3JmUPuEKp5cS-qazKvJafGlX1GeuKdHAdPt5IsiyAiUhhodXqcjolERD1jefOCH_3U8.o4Wq0TIVjpR8uIJa3_b1o9Vo10dBdmu-AgOdXV4M52E&dib_tag=se&qid=1751098088&refinements=p_123%3A42439&rnid=85457740011&s=computers-intl-ship&sr=1-37,$226.00,https://m.media-amazon.com/images/I/61rsqWs0hrL._AC_UL320_.jpg,4.1 out of 5 stars,18,,"Thu, Jul 3",,,
B0D3HW6DCJ,"Microsoft Surface Laptop 5 13.5"" Touchscreen Notebook - 2256 x 1504 - Intel Core i7 12th Gen i7-1265U - Intel Evo Platform - 32 GB Total RAM - 512 GB SSD - Matte Black (Renewed)",https://www.amazon.com/Microsoft-Surface-Laptop-Touchscreen-Notebook/dp/B0D3HW6DCJ/ref=sr_1_38?dib=eyJ2IjoiMSJ9.ciH0FyAERzsvE7KM_PuqtCYhKSQs3GykFLln_w4UTwn1L6DCkn_8Y309uMXMkpfffM5JIryZ1m0xAjpg5YppagpXmzVWb-nqt-iW6SKSG8gcztVwbzrPBVUBIgxJwCH3enDoDeRkTHBnRudv1TMB6SM2v3RpMZXxiNbDODJYKbNmYzhbZvf5uE4gWqlI_CkK1o5TtRUIHdlroqfCcxitS12oiHXXeo3Vf7fjm11N3JmUPuEKp5cS-qazKvJafGlX1GeuKdHAdPt5IsiyAiUhhodXqcjolERD1jefOCH_3U8.o4Wq0TIVjpR8uIJa3_b1o9Vo10dBdmu-AgOdXV4M52E&dib_tag=se&qid=1751098088&refinements=p_123%3A42439&rnid=85457740011&s=computers-intl-ship&sr=1-38,$919.00,https://m.media-amazon.com/images/I/51XVBaLKX5L._AC_UL320_.jpg,4.4 out of 5 stars,73,,Jul 1 - 2,,,
B0D7TQJH8H,"Microsoft Surface Laptop 6 13.5"" Touchscreen Notebook - Intel Core Ultra 7 165H - 16 GB - 512 GB SSD - English Keyboard - Black",https://www.amazon.com/Microsoft-Surface-Laptop-Touchscreen-Notebook/dp/B0D7TQJH8H/ref=sr_1_39?dib=eyJ2IjoiMSJ9.ciH0FyAERzsvE7KM_PuqtCYhKSQs3GykFLln_w4UTwn1L6DCkn_8Y309uMXMkpfffM5JIryZ1m0xAjpg5YppagpXmzVWb-nqt-iW6SKSG8gcztVwbzrPBVUBIgxJwCH3enDoDeRkTHBnRudv1TMB6SM2v3RpMZXxiNbDODJYKbNmYzhbZvf5uE4gWqlI_CkK1o5TtRUIHdlroqfCcxitS12oiHXXeo3Vf7fjm11N3JmUPuEKp5cS-qazKvJafGlX1GeuKdHAdPt5IsiyAiUhhodXqcjolERD1jefOCH_3U8.o4Wq0TIVjpR8uIJa3_b1o9Vo10dBdmu-AgOdXV4M52E&dib_tag=se&qid=1751098088&refinements=p_123%3A42439&rnid=85457740011&s=computers-intl-ship&sr=1-39,"$1,572.99",https://m.media-amazon.com/images/I/51l1Dvj-5fL._AC_UL320_.jpg,,,,,$929.99,,(21+ used & new offers)
B0F9YT3CTH,"Microsoft Surface Laptop 7 13.8"" Touchscreen Clamshell Copilot+ PC Notebook - Qualcomm Snapdragon X Elite X1E-80-100 - 16 GB - 512 GB SSD - English Keyboard - Platinum",https://www.amazon.com/Microsoft-Surface-Touchscreen-Clamshell-Notebook/dp/B0F9YT3CTH/ref=sr_1_40?dib=eyJ2IjoiMSJ9.ciH0FyAERzsvE7KM_PuqtCYhKSQs3GykFLln_w4UTwn1L6DCkn_8Y309uMXMkpfffM5JIryZ1m0xAjpg5YppagpXmzVWb-nqt-iW6SKSG8gcztVwbzrPBVUBIgxJwCH3enDoDeRkTHBnRudv1TMB6SM2v3RpMZXxiNbDODJYKbNmYzhbZvf5uE4gWqlI_CkK1o5TtRUIHdlroqfCcxitS12oiHXXeo3Vf7fjm11N3JmUPuEKp5cS-qazKvJafGlX1GeuKdHAdPt5IsiyAiUhhodXqcjolERD1jefOCH_3U8.o4Wq0TIVjpR8uIJa3_b1o9Vo10dBdmu-AgOdXV4M52E&dib_tag=se&qid=1751098088&refinements=p_123%3A42439&rnid=85457740011&s=computers-intl-ship&sr=1-40,"$1,349.99",https://m.media-amazon.com/images/I/51NGtP-uIPL._AC_UL320_.jpg,,,,Jul 2 - 7,,,
B0F1D8DWBD,"Microsoft Surface Pro 5 Tablet PC, 12.3"" Touchscreen (2736 X 1824) Laptop, Core i5-7300U, 8GB DDR4 RAM, 256GB SSD, Backlit Keyboard, Camera, Windows 10 Pro (Renewed)",https://www.amazon.com/Microsoft-Surface-Touchscreen-i5-7300U-Keyboard/dp/B0F1D8DWBD/ref=sr_1_41?dib=eyJ2IjoiMSJ9.ciH0FyAERzsvE7KM_PuqtCYhKSQs3GykFLln_w4UTwn1L6DCkn_8Y309uMXMkpfffM5JIryZ1m0xAjpg5YppagpXmzVWb-nqt-iW6SKSG8gcztVwbzrPBVUBIgxJwCH3enDoDeRkTHBnRudv1TMB6SM2v3RpMZXxiNbDODJYKbNmYzhbZvf5uE4gWqlI_CkK1o5TtRUIHdlroqfCcxitS12oiHXXeo3Vf7fjm11N3JmUPuEKp5cS-qazKvJafGlX1GeuKdHAdPt5IsiyAiUhhodXqcjolERD1jefOCH_3U8.o4Wq0TIVjpR8uIJa3_b1o9Vo10dBdmu-AgOdXV4M52E&dib_tag=se&qid=1751098088&refinements=p_123%3A42439&rnid=85457740011&s=computers-intl-ship&sr=1-41,$239.90,https://m.media-amazon.com/images/I/61HYYbCLvCL._AC_UL320_.jpg,5.0 out of 5 stars,3,,Jul 5 - 7,,,
B0BHL557JW,"Microsoft Surface Laptop 4 13.5"" Touchscreen (11th Gen Intel Core i7-1135G7 for Multi-Tasking, 16GB DDR4 RAM, 256GB NVMe SSD) Ultra-Thin and Light, Long Battery Life, Windows 10 Pro, Black (Renewed)",https://www.amazon.com/Microsoft-Surface-Laptop-13-5-Multi-Tasking/dp/B0BHL557JW/ref=sr_1_42?dib=eyJ2IjoiMSJ9.ciH0FyAERzsvE7KM_PuqtCYhKSQs3GykFLln_w4UTwn1L6DCkn_8Y309uMXMkpfffM5JIryZ1m0xAjpg5YppagpXmzVWb-nqt-iW6SKSG8gcztVwbzrPBVUBIgxJwCH3enDoDeRkTHBnRudv1TMB6SM2v3RpMZXxiNbDODJYKbNmYzhbZvf5uE4gWqlI_CkK1o5TtRUIHdlroqfCcxitS12oiHXXeo3Vf7fjm11N3JmUPuEKp5cS-qazKvJafGlX1GeuKdHAdPt5IsiyAiUhhodXqcjolERD1jefOCH_3U8.o4Wq0TIVjpR8uIJa3_b1o9Vo10dBdmu-AgOdXV4M52E&dib_tag=se&qid=1751098088&refinements=p_123%3A42439&rnid=85457740011&s=computers-intl-ship&sr=1-42,$389.99,https://m.media-amazon.com/images/I/71djnQIQ3GL._AC_UL320_.jpg,4.1 out of 5 stars,10,,"Wed, Jul 2",$370.00,,(4 used & new offers)
B0DYQF27W1,"Microsoft 2024 Surface Laptop 7th Edition, Copilot+ PC, 15in Snapdragon X-Elite 16GB RAM 512GB SSD Win 11H Black (Renewed)",https://www.amazon.com/Microsoft-Surface-Copilot-Snapdragon-X-Elite/dp/B0DYQF27W1/ref=sr_1_43?dib=eyJ2IjoiMSJ9.ciH0FyAERzsvE7KM_PuqtCYhKSQs3GykFLln_w4UTwn1L6DCkn_8Y309uMXMkpfffM5JIryZ1m0xAjpg5YppagpXmzVWb-nqt-iW6SKSG8gcztVwbzrPBVUBIgxJwCH3enDoDeRkTHBnRudv1TMB6SM2v3RpMZXxiNbDODJYKbNmYzhbZvf5uE4gWqlI_CkK1o5TtRUIHdlroqfCcxitS12oiHXXeo3Vf7fjm11N3JmUPuEKp5cS-qazKvJafGlX1GeuKdHAdPt5IsiyAiUhhodXqcjolERD1jefOCH_3U8.o4Wq0TIVjpR8uIJa3_b1o9Vo10dBdmu-AgOdXV4M52E&dib_tag=se&qid=1751098088&refinements=p_123%3A42439&rnid=85457740011&s=computers-intl-ship&sr=1-43,$939.99,https://m.media-amazon.com/images/I/61ovzYTnL+L._AC_UL320_.jpg,5.0 out of 5 stars,1,,Jul 2 - 7,,,
B0F9X2D81Q,"Microsoft Surface Pro 11 Copilot+ PC Tablet - 13"" - vPro Technology - 16 GB - 512 GB SSD - Windows 11 Pro - Platinum",https://www.amazon.com/Microsoft-Surface-Pro-Copilot-Tablet/dp/B0F9X2D81Q/ref=sr_1_44?dib=eyJ2IjoiMSJ9.ciH0FyAERzsvE7KM_PuqtCYhKSQs3GykFLln_w4UTwn1L6DCkn_8Y309uMXMkpfffM5JIryZ1m0xAjpg5YppagpXmzVWb-nqt-iW6SKSG8gcztVwbzrPBVUBIgxJwCH3enDoDeRkTHBnRudv1TMB6SM2v3RpMZXxiNbDODJYKbNmYzhbZvf5uE4gWqlI_CkK1o5TtRUIHdlroqfCcxitS12oiHXXeo3Vf7fjm11N3JmUPuEKp5cS-qazKvJafGlX1GeuKdHAdPt5IsiyAiUhhodXqcjolERD1jefOCH_3U8.o4Wq0TIVjpR8uIJa3_b1o9Vo10dBdmu-AgOdXV4M52E&dib_tag=se&qid=1751098088&refinements=p_123%3A42439&rnid=85457740011&s=computers-intl-ship&sr=1-44,"$1,529.40",https://m.media-amazon.com/images/I/513ezwY3rwL._AC_UL320_.jpg,,,,Jul 3 - 9,,,
B0DHDCCN88,"Microsoft Surface Laptop Go 3 (2023) - 12.4-inch Touchscreen, Intel i5-1235U, 8GB RAM, 256GB SSD, Windows 11, Ice Blue (Renewed)",https://www.amazon.com/Microsoft-Surface-Laptop-12-4-inch-Touchscreen/dp/B0DHDCCN88/ref=sr_1_45?dib=eyJ2IjoiMSJ9.ciH0FyAERzsvE7KM_PuqtCYhKSQs3GykFLln_w4UTwn1L6DCkn_8Y309uMXMkpfffM5JIryZ1m0xAjpg5YppagpXmzVWb-nqt-iW6SKSG8gcztVwbzrPBVUBIgxJwCH3enDoDeRkTHBnRudv1TMB6SM2v3RpMZXxiNbDODJYKbNmYzhbZvf5uE4gWqlI_CkK1o5TtRUIHdlroqfCcxitS12oiHXXeo3Vf7fjm11N3JmUPuEKp5cS-qazKvJafGlX1GeuKdHAdPt5IsiyAiUhhodXqcjolERD1jefOCH_3U8.o4Wq0TIVjpR8uIJa3_b1o9Vo10dBdmu-AgOdXV4M52E&dib_tag=se&qid=1751098088&refinements=p_123%3A42439&rnid=85457740011&s=computers-intl-ship&sr=1-45,$499.00,https://m.media-amazon.com/images/I/415SckLD-ML._AC_UL320_.jpg,3.8 out of 5 stars,4,,"Wed, Jul 2",$349.95,,(4 used & new offers)
B0DYL7JPB6,"Microsoft 2024 Surface Laptop 7th Edition, Copilot+ PC, 13.8in Snapdragon X-Plus 16GB RAM 512GB SSD Win 11H Dune (Renewed)",https://www.amazon.com/Microsoft-Surface-Copilot-Snapdragon-Renewed/dp/B0DYL7JPB6/ref=sr_1_46?dib=eyJ2IjoiMSJ9.ciH0FyAERzsvE7KM_PuqtCYhKSQs3GykFLln_w4UTwn1L6DCkn_8Y309uMXMkpfffM5JIryZ1m0xAjpg5YppagpXmzVWb-nqt-iW6SKSG8gcztVwbzrPBVUBIgxJwCH3enDoDeRkTHBnRudv1TMB6SM2v3RpMZXxiNbDODJYKbNmYzhbZvf5uE4gWqlI_CkK1o5TtRUIHdlroqfCcxitS12oiHXXeo3Vf7fjm11N3JmUPuEKp5cS-qazKvJafGlX1GeuKdHAdPt5IsiyAiUhhodXqcjolERD1jefOCH_3U8.o4Wq0TIVjpR8uIJa3_b1o9Vo10dBdmu-AgOdXV4M52E&dib_tag=se&qid=1751098088&refinements=p_123%3A42439&rnid=85457740011&s=computers-intl-ship&sr=1-46,$749.00,https://m.media-amazon.com/images/I/41IVjXoYNXL._AC_UL320_.jpg,3.7 out of 5 stars,4,,"Wed, Jul 2",,,
B0BPK3NQ9T,"Microsoft Surface Pro 7+ Tablet Intel Core i3-1115G4, 8GB Memory, 128 GB SSD Intel UHD Graphics 12.3"" Touchscreen 2736 x 1824 2-in-1 Laptop Windows 10 Pro 64-bit, Platinum (Renewed)",https://www.amazon.com/Microsoft-i3-1115G4-Graphics-Touchscreen-Platinum/dp/B0BPK3NQ9T/ref=sr_1_47?dib=eyJ2IjoiMSJ9.ciH0FyAERzsvE7KM_PuqtCYhKSQs3GykFLln_w4UTwn1L6DCkn_8Y309uMXMkpfffM5JIryZ1m0xAjpg5YppagpXmzVWb-nqt-iW6SKSG8gcztVwbzrPBVUBIgxJwCH3enDoDeRkTHBnRudv1TMB6SM2v3RpMZXxiNbDODJYKbNmYzhbZvf5uE4gWqlI_CkK1o5TtRUIHdlroqfCcxitS12oiHXXeo3Vf7fjm11N3JmUPuEKp5cS-qazKvJafGlX1GeuKdHAdPt5IsiyAiUhhodXqcjolERD1jefOCH_3U8.o4Wq0TIVjpR8uIJa3_b1o9Vo10dBdmu-AgOdXV4M52E&dib_tag=se&qid=1751098088&refinements=p_123%3A42439&rnid=85457740011&s=computers-intl-ship&sr=1-47,$389.00,https://m.media-amazon.com/images/I/61O7LRp1rwL._AC_UL320_.jpg,2.4 out of 5 stars,3,,"Thu, Jul 3",,,
B0CCBN75PP,"Microsoft Surface Laptop Go 2 12.4"" Touch 8GB 256GB SSD Core™ i5-1135G7 2.4GHz Win10S, Platinum (Renewed), Silver",https://www.amazon.com/Microsoft-Laptop-Go-i5-1135G7-Platinum/dp/B0CCBN75PP/ref=sr_1_48?dib=eyJ2IjoiMSJ9.ciH0FyAERzsvE7KM_PuqtCYhKSQs3GykFLln_w4UTwn1L6DCkn_8Y309uMXMkpfffM5JIryZ1m0xAjpg5YppagpXmzVWb-nqt-iW6SKSG8gcztVwbzrPBVUBIgxJwCH3enDoDeRkTHBnRudv1TMB6SM2v3RpMZXxiNbDODJYKbNmYzhbZvf5uE4gWqlI_CkK1o5TtRUIHdlroqfCcxitS12oiHXXeo3Vf7fjm11N3JmUPuEKp5cS-qazKvJafGlX1GeuKdHAdPt5IsiyAiUhhodXqcjolERD1jefOCH_3U8.o4Wq0TIVjpR8uIJa3_b1o9Vo10dBdmu-AgOdXV4M52E&dib_tag=se&qid=1751098088&refinements=p_123%3A42439&rnid=85457740011&s=computers-intl-ship&sr=1-48,$328.98,https://m.media-amazon.com/images/I/51knh9GWP+L._AC_UL320_.jpg,4.0 out of 5 stars,36,"['Silver', 'Ice Blue']","Wed, Jul 2",$289.00,,(6+ used & new offers)
B07SX5Q58W,"Microsoft Surface Pro 6 (Intel Core i7, 16GB RAM, 512GB) - Platinum (Renewed)",https://www.amazon.com/Microsoft-Surface-Intel-Core-512GB/dp/B07SX5Q58W/ref=sr_1_49?dib=eyJ2IjoiMSJ9.Kh6uHVcvwHbnWMdEpQn9CPeKLzHmvhTZaP9UvgeLhpD42Rsbf4PgHB4r-1Hl4w_nKCWeeVwxicSVzxsh3MgSX8-zt4y9rnCGKYbYgeVMhtLRwez5vdux3WBp_82B1ooPp5JlJmelre-yTCIHSPW8i8xqGRZgG0sNhsMAfsfnKYQjWVLLGyY13rYSpu-NDtt_IL_L5w5umJW-JOiTK3CgsIYLC5jeNXfuvOR_tea6YRD1HjBwVI3crjPFGy5BZJsmV6yQQPu-1dcIzavT0zVNvbD1gbpIzQ-TM_vbGRMFSGs.awtFXYjKFhsxbPlh1Wjw3_uiZ6iY4HM5tmxRFKD7Xac&dib_tag=se&qid=1751098097&refinements=p_123%3A42439&rnid=85457740011&s=computers-intl-ship&sr=1-49,$369.00,https://m.media-amazon.com/images/I/51yl8P0gdFL._AC_UL320_.jpg,3.9 out of 5 stars,69,,Jul 12 - 18,,,
B0BPN96D29,"Microsoft Surface Pro 7+ Intel Core i7 11th Gen 1165G7 (2.80GHz) 16GB Memory 256 GB SSD Intel Iris Xe Graphics 12.3"" Touchscreen 2736 x 1824 2-in-1 Laptop Windows 10 Pro 64-bit 1Y9-00001 (Renewed)",https://www.amazon.com/Microsoft-Surface-Graphics-Touchscreen-1Y9-00001/dp/B0BPN96D29/ref=sr_1_50?dib=eyJ2IjoiMSJ9.Kh6uHVcvwHbnWMdEpQn9CPeKLzHmvhTZaP9UvgeLhpD42Rsbf4PgHB4r-1Hl4w_nKCWeeVwxicSVzxsh3MgSX8-zt4y9rnCGKYbYgeVMhtLRwez5vdux3WBp_82B1ooPp5JlJmelre-yTCIHSPW8i8xqGRZgG0sNhsMAfsfnKYQjWVLLGyY13rYSpu-NDtt_IL_L5w5umJW-JOiTK3CgsIYLC5jeNXfuvOR_tea6YRD1HjBwVI3crjPFGy5BZJsmV6yQQPu-1dcIzavT0zVNvbD1gbpIzQ-TM_vbGRMFSGs.awtFXYjKFhsxbPlh1Wjw3_uiZ6iY4HM5tmxRFKD7Xac&dib_tag=se&qid=1751098097&refinements=p_123%3A42439&rnid=85457740011&s=computers-intl-ship&sr=1-50,$624.99,https://m.media-amazon.com/images/I/61ge3utBN8L._AC_UL320_.jpg,4.1 out of 5 stars,11,,"Thu, Jul 3",,,
B0CQXLCFN1,"Microsoft Surface Laptop 3, 15"" Touchscreen Notebook, Intel Core i7-1065G7, 16GB RAM, 256 GB SSD, Backlit Keyboard, Display(2496×1664), CAM, WiFi, Black, Windows 10 Pro(Renewed)",https://www.amazon.com/Microsoft-Surface-Touchscreen-i7-1065G7-2496%C3%971664/dp/B0CQXLCFN1/ref=sr_1_51?dib=eyJ2IjoiMSJ9.Kh6uHVcvwHbnWMdEpQn9CPeKLzHmvhTZaP9UvgeLhpD42Rsbf4PgHB4r-1Hl4w_nKCWeeVwxicSVzxsh3MgSX8-zt4y9rnCGKYbYgeVMhtLRwez5vdux3WBp_82B1ooPp5JlJmelre-yTCIHSPW8i8xqGRZgG0sNhsMAfsfnKYQjWVLLGyY13rYSpu-NDtt_IL_L5w5umJW-JOiTK3CgsIYLC5jeNXfuvOR_tea6YRD1HjBwVI3crjPFGy5BZJsmV6yQQPu-1dcIzavT0zVNvbD1gbpIzQ-TM_vbGRMFSGs.awtFXYjKFhsxbPlh1Wjw3_uiZ6iY4HM5tmxRFKD7Xac&dib_tag=se&qid=1751098097&refinements=p_123%3A42439&rnid=85457740011&s=computers-intl-ship&sr=1-51,$359.90,https://m.media-amazon.com/images/I/61EGzfwRMzL._AC_UL320_.jpg,,,,"Thu, Jul 3",,,
B081ZK53GG,Microsoft Surface Pro 7 12.3in Touchscreen Intel i5-1035G4 8GB RAM 256GB SSD (Renewed),https://www.amazon.com/NEW-Microsoft-Surface-Pro-Touch-Screen/dp/B081ZK53GG/ref=sr_1_52?dib=eyJ2IjoiMSJ9.Kh6uHVcvwHbnWMdEpQn9CPeKLzHmvhTZaP9UvgeLhpD42Rsbf4PgHB4r-1Hl4w_nKCWeeVwxicSVzxsh3MgSX8-zt4y9rnCGKYbYgeVMhtLRwez5vdux3WBp_82B1ooPp5JlJmelre-yTCIHSPW8i8xqGRZgG0sNhsMAfsfnKYQjWVLLGyY13rYSpu-NDtt_IL_L5w5umJW-JOiTK3CgsIYLC5jeNXfuvOR_tea6YRD1HjBwVI3crjPFGy5BZJsmV6yQQPu-1dcIzavT0zVNvbD1gbpIzQ-TM_vbGRMFSGs.awtFXYjKFhsxbPlh1Wjw3_uiZ6iY4HM5tmxRFKD7Xac&dib_tag=se&qid=1751098097&refinements=p_123%3A42439&rnid=85457740011&s=computers-intl-ship&sr=1-52,$299.00,https://m.media-amazon.com/images/I/51+d7wx7kBL._AC_UL320_.jpg,3.9 out of 5 stars,124,,Jul 5 - 10,$269.00,,(11+ used & new offers)
B0CWNZD6D1,"Microsoft Surface Pro 5 Tablet,12.3 inch (2736 x 1824) Touchscreen, Intel Core i5-7300U 2.6 GHz, 8 GB RAM 256GB SSD, CAM, Windows 10 Pro (Renewed)",https://www.amazon.com/Microsoft-Surface-Touchscreen-i5-7300U-Windows/dp/B0CWNZD6D1/ref=sr_1_53?dib=eyJ2IjoiMSJ9.Kh6uHVcvwHbnWMdEpQn9CPeKLzHmvhTZaP9UvgeLhpD42Rsbf4PgHB4r-1Hl4w_nKCWeeVwxicSVzxsh3MgSX8-zt4y9rnCGKYbYgeVMhtLRwez5vdux3WBp_82B1ooPp5JlJmelre-yTCIHSPW8i8xqGRZgG0sNhsMAfsfnKYQjWVLLGyY13rYSpu-NDtt_IL_L5w5umJW-JOiTK3CgsIYLC5jeNXfuvOR_tea6YRD1HjBwVI3crjPFGy5BZJsmV6yQQPu-1dcIzavT0zVNvbD1gbpIzQ-TM_vbGRMFSGs.awtFXYjKFhsxbPlh1Wjw3_uiZ6iY4HM5tmxRFKD7Xac&dib_tag=se&qid=1751098097&refinements=p_123%3A42439&rnid=85457740011&s=computers-intl-ship&sr=1-53,$219.00,https://m.media-amazon.com/images/I/61GC+z0ykdL._AC_UL320_.jpg,3.8 out of 5 stars,6,,"Mon, Jul 7",,,
B0CKN3CNK8,"Microsoft Surface Pro 6 12.3"" Tablet PC Touchscreen (2736 x 1824) Intel Core i5-8350 8GB RAM 128GB SSD, Backlit Keyboard, Windows 10 Pro（ (Renewed)",https://www.amazon.com/Microsoft-Surface-Touchscreen-Keyboard-Pro%EF%BC%88Renewed/dp/B0CKN3CNK8/ref=sr_1_54?dib=eyJ2IjoiMSJ9.Kh6uHVcvwHbnWMdEpQn9CPeKLzHmvhTZaP9UvgeLhpD42Rsbf4PgHB4r-1Hl4w_nKCWeeVwxicSVzxsh3MgSX8-zt4y9rnCGKYbYgeVMhtLRwez5vdux3WBp_82B1ooPp5JlJmelre-yTCIHSPW8i8xqGRZgG0sNhsMAfsfnKYQjWVLLGyY13rYSpu-NDtt_IL_L5w5umJW-JOiTK3CgsIYLC5jeNXfuvOR_tea6YRD1HjBwVI3crjPFGy5BZJsmV6yQQPu-1dcIzavT0zVNvbD1gbpIzQ-TM_vbGRMFSGs.awtFXYjKFhsxbPlh1Wjw3_uiZ6iY4HM5tmxRFKD7Xac&dib_tag=se&qid=1751098097&refinements=p_123%3A42439&rnid=85457740011&s=computers-intl-ship&sr=1-54,$297.90,https://m.media-amazon.com/images/I/61dnx3IeV6L._AC_UL320_.jpg,4.5 out of 5 stars,2,,"Mon, Jul 7",,,
B0F9WQHDYJ,"Microsoft Surface Laptop 4 13.5"" PixelSense Touchscreen Laptop Computer, Quad-Core i7-1185G7 Up to 4.8 GHz, 16GB DDR4, 512GB SSD, Backlit Keyboard, Windows 11 Pro, Silver (Renewed)",https://www.amazon.com/Microsoft-Surface-Laptop-PixelSense-Touchscreen/dp/B0F9WQHDYJ/ref=sr_1_55?dib=eyJ2IjoiMSJ9.Kh6uHVcvwHbnWMdEpQn9CPeKLzHmvhTZaP9UvgeLhpD42Rsbf4PgHB4r-1Hl4w_nKCWeeVwxicSVzxsh3MgSX8-zt4y9rnCGKYbYgeVMhtLRwez5vdux3WBp_82B1ooPp5JlJmelre-yTCIHSPW8i8xqGRZgG0sNhsMAfsfnKYQjWVLLGyY13rYSpu-NDtt_IL_L5w5umJW-JOiTK3CgsIYLC5jeNXfuvOR_tea6YRD1HjBwVI3crjPFGy5BZJsmV6yQQPu-1dcIzavT0zVNvbD1gbpIzQ-TM_vbGRMFSGs.awtFXYjKFhsxbPlh1Wjw3_uiZ6iY4HM5tmxRFKD7Xac&dib_tag=se&qid=1751098097&refinements=p_123%3A42439&rnid=85457740011&s=computers-intl-ship&sr=1-55,$422.99,https://m.media-amazon.com/images/I/61mtDu-3PQL._AC_UL320_.jpg,4.2 out of 5 stars,41,,"Thu, Jul 3",,,
B0DYR4D3LJ,"Microsoft 2024 Surface Laptop 7th Edition, Copilot+ PC, 13.8in Snapdragon X-Elite 16GB RAM 512GB SSD Win 11H Black (Renewed)",https://www.amazon.com/Microsoft-Surface-Copilot-Snapdragon-X-Elite/dp/B0DYR4D3LJ/ref=sr_1_56?dib=eyJ2IjoiMSJ9.Kh6uHVcvwHbnWMdEpQn9CPeKLzHmvhTZaP9UvgeLhpD42Rsbf4PgHB4r-1Hl4w_nKCWeeVwxicSVzxsh3MgSX8-zt4y9rnCGKYbYgeVMhtLRwez5vdux3WBp_82B1ooPp5JlJmelre-yTCIHSPW8i8xqGRZgG0sNhsMAfsfnKYQjWVLLGyY13rYSpu-NDtt_IL_L5w5umJW-JOiTK3CgsIYLC5jeNXfuvOR_tea6YRD1HjBwVI3crjPFGy5BZJsmV6yQQPu-1dcIzavT0zVNvbD1gbpIzQ-TM_vbGRMFSGs.awtFXYjKFhsxbPlh1Wjw3_uiZ6iY4HM5tmxRFKD7Xac&dib_tag=se&qid=1751098097&refinements=p_123%3A42439&rnid=85457740011&s=computers-intl-ship&sr=1-56,$899.99,https://m.media-amazon.com/images/I/61Et9hmmK3L._AC_UL320_.jpg,,,,"Thu, Jul 3",$889.00,,(4 new offers)
B0DP2D8T6Q,"Microsoft Surface Pro 6 Business Tablet PC, Touchscreen Notebook, 12.3"" (2736 X 1824) Display, Intel Core i5-8350U, 8GB DDR4 RAM, 128GB SSD, USB 3.0, Camera, Windows 10 Pro (Renewed)",https://www.amazon.com/Microsoft-Surface-Pro-Business-Touchscreen/dp/B0DP2D8T6Q/ref=sr_1_57?dib=eyJ2IjoiMSJ9.Kh6uHVcvwHbnWMdEpQn9CPeKLzHmvhTZaP9UvgeLhpD42Rsbf4PgHB4r-1Hl4w_nKCWeeVwxicSVzxsh3MgSX8-zt4y9rnCGKYbYgeVMhtLRwez5vdux3WBp_82B1ooPp5JlJmelre-yTCIHSPW8i8xqGRZgG0sNhsMAfsfnKYQjWVLLGyY13rYSpu-NDtt_IL_L5w5umJW-JOiTK3CgsIYLC5jeNXfuvOR_tea6YRD1HjBwVI3crjPFGy5BZJsmV6yQQPu-1dcIzavT0zVNvbD1gbpIzQ-TM_vbGRMFSGs.awtFXYjKFhsxbPlh1Wjw3_uiZ6iY4HM5tmxRFKD7Xac&dib_tag=se&qid=1751098097&refinements=p_123%3A42439&rnid=85457740011&s=computers-intl-ship&sr=1-57,$293.90,https://m.media-amazon.com/images/I/71VeC6KnnFL._AC_UL320_.jpg,3.0 out of 5 stars,1,,"Thu, Jul 3",,,
B0992G37PS,"Microsoft Surface Laptop 4 13.5-inch, Touch-Screen – Intel Core i7 - 16GB - 512GB Solid State Drive - Matte Black (Renewed)",https://www.amazon.com/Microsoft-Surface-Laptop-13-5-inmch-Touch-Screen/dp/B0992G37PS/ref=sr_1_58?dib=eyJ2IjoiMSJ9.Kh6uHVcvwHbnWMdEpQn9CPeKLzHmvhTZaP9UvgeLhpD42Rsbf4PgHB4r-1Hl4w_nKCWeeVwxicSVzxsh3MgSX8-zt4y9rnCGKYbYgeVMhtLRwez5vdux3WBp_82B1ooPp5JlJmelre-yTCIHSPW8i8xqGRZgG0sNhsMAfsfnKYQjWVLLGyY13rYSpu-NDtt_IL_L5w5umJW-JOiTK3CgsIYLC5jeNXfuvOR_tea6YRD1HjBwVI3crjPFGy5BZJsmV6yQQPu-1dcIzavT0zVNvbD1gbpIzQ-TM_vbGRMFSGs.awtFXYjKFhsxbPlh1Wjw3_uiZ6iY4HM5tmxRFKD7Xac&dib_tag=se&qid=1751098097&refinements=p_123%3A42439&rnid=85457740011&s=computers-intl-ship&sr=1-58,$518.96,https://m.media-amazon.com/images/I/71KETiTvIiL._AC_UL320_.jpg,4.4 out of 5 stars,44,,"Tue, Jul 1",$499.00,,(4+ used & new offers)
B0DSVY3CWM,"Microsoft Surface Pro 4 Tablet PC, 12.3"" (2736 X 1824) Touchscreen Notebook, Core i5-6300U, 4GB RAM, 128GB SSD, CAM, Windows 11 Pro (Renewed)",https://www.amazon.com/Microsoft-Surface-Pro-Touchscreen-Notebook/dp/B0DSVY3CWM/ref=sr_1_59?dib=eyJ2IjoiMSJ9.Kh6uHVcvwHbnWMdEpQn9CPeKLzHmvhTZaP9UvgeLhpD42Rsbf4PgHB4r-1Hl4w_nKCWeeVwxicSVzxsh3MgSX8-zt4y9rnCGKYbYgeVMhtLRwez5vdux3WBp_82B1ooPp5JlJmelre-yTCIHSPW8i8xqGRZgG0sNhsMAfsfnKYQjWVLLGyY13rYSpu-NDtt_IL_L5w5umJW-JOiTK3CgsIYLC5jeNXfuvOR_tea6YRD1HjBwVI3crjPFGy5BZJsmV6yQQPu-1dcIzavT0zVNvbD1gbpIzQ-TM_vbGRMFSGs.awtFXYjKFhsxbPlh1Wjw3_uiZ6iY4HM5tmxRFKD7Xac&dib_tag=se&qid=1751098097&refinements=p_123%3A42439&rnid=85457740011&s=computers-intl-ship&sr=1-59,$165.00,https://m.media-amazon.com/images/I/61wEaMfLY0L._AC_UL320_.jpg,3.3 out of 5 stars,4,,"Mon, Jul 7",,,
B07PQNC5ZP,"Microsoft Surface Pro 6 (Intel Core i5, 8GB RAM, 256 GB SSD) - Black (Renewed)",https://www.amazon.com/Microsoft-Surface-Pro-Intel-Core/dp/B07PQNC5ZP/ref=sr_1_60?dib=eyJ2IjoiMSJ9.Kh6uHVcvwHbnWMdEpQn9CPeKLzHmvhTZaP9UvgeLhpD42Rsbf4PgHB4r-1Hl4w_nKCWeeVwxicSVzxsh3MgSX8-zt4y9rnCGKYbYgeVMhtLRwez5vdux3WBp_82B1ooPp5JlJmelre-yTCIHSPW8i8xqGRZgG0sNhsMAfsfnKYQjWVLLGyY13rYSpu-NDtt_IL_L5w5umJW-JOiTK3CgsIYLC5jeNXfuvOR_tea6YRD1HjBwVI3crjPFGy5BZJsmV6yQQPu-1dcIzavT0zVNvbD1gbpIzQ-TM_vbGRMFSGs.awtFXYjKFhsxbPlh1Wjw3_uiZ6iY4HM5tmxRFKD7Xac&dib_tag=se&qid=1751098097&refinements=p_123%3A42439&rnid=85457740011&s=computers-intl-ship&sr=1-60,$249.00,https://m.media-amazon.com/images/I/41uHZr60DSL._AC_UL320_.jpg,3.7 out of 5 stars,135,,"Wed, Jul 2",$190.00,,(8+ used & new offers)
B0CVR1P5SP,Microsoft Surface PRO-8 Commercial Tablet (EBX-00004) 13-inch Touchscreen Pixelsense (2880x1920) i5-1145G7 8GB RAM 512GB SSD Windows 10 Professional Graphite,https://www.amazon.com/Microsoft-Commercial-Touchscreen-Pixelsense-Professional/dp/B0CVR1P5SP/ref=sr_1_61?dib=eyJ2IjoiMSJ9.Kh6uHVcvwHbnWMdEpQn9CPeKLzHmvhTZaP9UvgeLhpD42Rsbf4PgHB4r-1Hl4w_nKCWeeVwxicSVzxsh3MgSX8-zt4y9rnCGKYbYgeVMhtLRwez5vdux3WBp_82B1ooPp5JlJmelre-yTCIHSPW8i8xqGRZgG0sNhsMAfsfnKYQjWVLLGyY13rYSpu-NDtt_IL_L5w5umJW-JOiTK3CgsIYLC5jeNXfuvOR_tea6YRD1HjBwVI3crjPFGy5BZJsmV6yQQPu-1dcIzavT0zVNvbD1gbpIzQ-TM_vbGRMFSGs.awtFXYjKFhsxbPlh1Wjw3_uiZ6iY4HM5tmxRFKD7Xac&dib_tag=se&qid=1751098097&refinements=p_123%3A42439&rnid=85457740011&s=computers-intl-ship&sr=1-61,$969.99,https://m.media-amazon.com/images/I/61uX2Fuj9iL._AC_UL320_.jpg,,,,"Thu, Jul 3",$749.95,,(3 used & new offers)
B0CNPJPLMS,"Microsoft Surface Pro 6 Tablet PC, 12.3"" Touchscreen (2736x1824) Display, Core i5-8350 Up to 3.1GHz, 8GB RAM, 256GB SSD, Backlit Keyboard, WiFi, BT, CAM Windows 11 Pro (Renewed)",https://www.amazon.com/Microsoft-Surface-Touchscreen-BacklitKey-2736x1824/dp/B0CNPJPLMS/ref=sr_1_62?dib=eyJ2IjoiMSJ9.Kh6uHVcvwHbnWMdEpQn9CPeKLzHmvhTZaP9UvgeLhpD42Rsbf4PgHB4r-1Hl4w_nKCWeeVwxicSVzxsh3MgSX8-zt4y9rnCGKYbYgeVMhtLRwez5vdux3WBp_82B1ooPp5JlJmelre-yTCIHSPW8i8xqGRZgG0sNhsMAfsfnKYQjWVLLGyY13rYSpu-NDtt_IL_L5w5umJW-JOiTK3CgsIYLC5jeNXfuvOR_tea6YRD1HjBwVI3crjPFGy5BZJsmV6yQQPu-1dcIzavT0zVNvbD1gbpIzQ-TM_vbGRMFSGs.awtFXYjKFhsxbPlh1Wjw3_uiZ6iY4HM5tmxRFKD7Xac&dib_tag=se&qid=1751098097&refinements=p_123%3A42439&rnid=85457740011&s=computers-intl-ship&sr=1-62,,https://m.media-amazon.com/images/I/51fy4Va+4iL._AC_UL320_.jpg,3.9 out of 5 stars,10,,,,,
B084ZZLRLT,Microsoft Surface Pro 7 12.3in Touchscreen i7-1065G7 16GB RAM 512GB SSD Platinum (Renewed),https://www.amazon.com/NEW-Microsoft-Surface-Pro-Touch-Screen/dp/B084ZZLRLT/ref=sr_1_63?dib=eyJ2IjoiMSJ9.Kh6uHVcvwHbnWMdEpQn9CPeKLzHmvhTZaP9UvgeLhpD42Rsbf4PgHB4r-1Hl4w_nKCWeeVwxicSVzxsh3MgSX8-zt4y9rnCGKYbYgeVMhtLRwez5vdux3WBp_82B1ooPp5JlJmelre-yTCIHSPW8i8xqGRZgG0sNhsMAfsfnKYQjWVLLGyY13rYSpu-NDtt_IL_L5w5umJW-JOiTK3CgsIYLC5jeNXfuvOR_tea6YRD1HjBwVI3crjPFGy5BZJsmV6yQQPu-1dcIzavT0zVNvbD1gbpIzQ-TM_vbGRMFSGs.awtFXYjKFhsxbPlh1Wjw3_uiZ6iY4HM5tmxRFKD7Xac&dib_tag=se&qid=1751098097&refinements=p_123%3A42439&rnid=85457740011&s=computers-intl-ship&sr=1-63,$594.90,https://m.media-amazon.com/images/I/71kBlSKi3eL._AC_UL320_.jpg,3.9 out of 5 stars,38,,Jul 5 - 8,$585.00,,(4 new offers)
B0F9XGJJCT,"Microsoft Surface Pro 11 Copilot+ PC Tablet - 13"" - Qualcomm Snapdragon X Plus - 16 GB - 512 GB SSD - Windows 11 Pro - Black",https://www.amazon.com/Microsoft-Surface-Pro-Copilot-Tablet/dp/B0F9XGJJCT/ref=sr_1_64?dib=eyJ2IjoiMSJ9.Kh6uHVcvwHbnWMdEpQn9CPeKLzHmvhTZaP9UvgeLhpD42Rsbf4PgHB4r-1Hl4w_nKCWeeVwxicSVzxsh3MgSX8-zt4y9rnCGKYbYgeVMhtLRwez5vdux3WBp_82B1ooPp5JlJmelre-yTCIHSPW8i8xqGRZgG0sNhsMAfsfnKYQjWVLLGyY13rYSpu-NDtt_IL_L5w5umJW-JOiTK3CgsIYLC5jeNXfuvOR_tea6YRD1HjBwVI3crjPFGy5BZJsmV6yQQPu-1dcIzavT0zVNvbD1gbpIzQ-TM_vbGRMFSGs.awtFXYjKFhsxbPlh1Wjw3_uiZ6iY4HM5tmxRFKD7Xac&dib_tag=se&qid=1751098097&refinements=p_123%3A42439&rnid=85457740011&s=computers-intl-ship&sr=1-64,"$1,299.99",https://m.media-amazon.com/images/I/51pK6tQWvUL._AC_UL320_.jpg,,,,"Thu, Jul 3",,,
B0F9YNH72T,"Microsoft Surface Pro 10 Tablet - 13"" - vPro Technology - 64 GB - 1 TB SSD - Windows 11-5G - Platinum",https://www.amazon.com/Microsoft-Surface-Pro-Tablet-Technology/dp/B0F9YNH72T/ref=sr_1_65?dib=eyJ2IjoiMSJ9.Kh6uHVcvwHbnWMdEpQn9CPeKLzHmvhTZaP9UvgeLhpD42Rsbf4PgHB4r-1Hl4w_nKCWeeVwxicSVzxsh3MgSX8-zt4y9rnCGKYbYgeVMhtLRwez5vdux3WBp_82B1ooPp5JlJmelre-yTCIHSPW8i8xqGRZgG0sNhsMAfsfnKYQjWVLLGyY13rYSpu-NDtt_IL_L5w5umJW-JOiTK3CgsIYLC5jeNXfuvOR_tea6YRD1HjBwVI3crjPFGy5BZJsmV6yQQPu-1dcIzavT0zVNvbD1gbpIzQ-TM_vbGRMFSGs.awtFXYjKFhsxbPlh1Wjw3_uiZ6iY4HM5tmxRFKD7Xac&dib_tag=se&qid=1751098097&refinements=p_123%3A42439&rnid=85457740011&s=computers-intl-ship&sr=1-65,"$2,999.99",https://m.media-amazon.com/images/I/51fgjbnzhUL._AC_UL320_.jpg,,,,"Thu, Jul 3",,,
B08SHXJQCP,"Microsoft Surface Laptop Go 12.4"" Touchscreen, Intel Core i5-1035G1, 8GB RAM, 256GB SSD, Integrated Intel UHD Graphics, Windows 10 Home in S Mode, Platinum, 21D-00001 (Renewed)",https://www.amazon.com/Microsoft-Surface-Laptop-Go-Touchscreen/dp/B08SHXJQCP/ref=sr_1_66?dib=eyJ2IjoiMSJ9.Kh6uHVcvwHbnWMdEpQn9CPeKLzHmvhTZaP9UvgeLhpD42Rsbf4PgHB4r-1Hl4w_nKCWeeVwxicSVzxsh3MgSX8-zt4y9rnCGKYbYgeVMhtLRwez5vdux3WBp_82B1ooPp5JlJmelre-yTCIHSPW8i8xqGRZgG0sNhsMAfsfnKYQjWVLLGyY13rYSpu-NDtt_IL_L5w5umJW-JOiTK3CgsIYLC5jeNXfuvOR_tea6YRD1HjBwVI3crjPFGy5BZJsmV6yQQPu-1dcIzavT0zVNvbD1gbpIzQ-TM_vbGRMFSGs.awtFXYjKFhsxbPlh1Wjw3_uiZ6iY4HM5tmxRFKD7Xac&dib_tag=se&qid=1751098097&refinements=p_123%3A42439&rnid=85457740011&s=computers-intl-ship&sr=1-66,$317.99,https://m.media-amazon.com/images/I/61OvV27-44L._AC_UL320_.jpg,4.3 out of 5 stars,335,"['Platinum', 'ICE BLUE', 'Ice Blue']","Wed, Jul 2",,,
B0DS5ZZF7T,"Microsoft Surface Laptop 4 Computer, Core i7-1185G7, 16GB RAM, 512GB SSD, 13.5-Inch High-Performance Touchscreen, Backlit Keyboard, Windows 10 Pro, Black (Renewed)",https://www.amazon.com/Microsoft-i7-1185G7-13-5-Inch-High-Performance-Touchscreen/dp/B0DS5ZZF7T/ref=sr_1_67?dib=eyJ2IjoiMSJ9.Kh6uHVcvwHbnWMdEpQn9CPeKLzHmvhTZaP9UvgeLhpD42Rsbf4PgHB4r-1Hl4w_nKCWeeVwxicSVzxsh3MgSX8-zt4y9rnCGKYbYgeVMhtLRwez5vdux3WBp_82B1ooPp5JlJmelre-yTCIHSPW8i8xqGRZgG0sNhsMAfsfnKYQjWVLLGyY13rYSpu-NDtt_IL_L5w5umJW-JOiTK3CgsIYLC5jeNXfuvOR_tea6YRD1HjBwVI3crjPFGy5BZJsmV6yQQPu-1dcIzavT0zVNvbD1gbpIzQ-TM_vbGRMFSGs.awtFXYjKFhsxbPlh1Wjw3_uiZ6iY4HM5tmxRFKD7Xac&dib_tag=se&qid=1751098097&refinements=p_123%3A42439&rnid=85457740011&s=computers-intl-ship&sr=1-67,$394.00,https://m.media-amazon.com/images/I/61IgysXnqrL._AC_UL320_.jpg,3.4 out of 5 stars,4,,"Tue, Jul 1",$383.50,,(6 new offers)
B07BQFXW1F,"Microsoft Surface Pro (5th Gen) Intel Core i7, 16GB RAM, 512GB SSD (Renewed)",https://www.amazon.com/Microsoft-Surface-Intel-Core-512GB/dp/B07BQFXW1F/ref=sr_1_68?dib=eyJ2IjoiMSJ9.Kh6uHVcvwHbnWMdEpQn9CPeKLzHmvhTZaP9UvgeLhpD42Rsbf4PgHB4r-1Hl4w_nKCWeeVwxicSVzxsh3MgSX8-zt4y9rnCGKYbYgeVMhtLRwez5vdux3WBp_82B1ooPp5JlJmelre-yTCIHSPW8i8xqGRZgG0sNhsMAfsfnKYQjWVLLGyY13rYSpu-NDtt_IL_L5w5umJW-JOiTK3CgsIYLC5jeNXfuvOR_tea6YRD1HjBwVI3crjPFGy5BZJsmV6yQQPu-1dcIzavT0zVNvbD1gbpIzQ-TM_vbGRMFSGs.awtFXYjKFhsxbPlh1Wjw3_uiZ6iY4HM5tmxRFKD7Xac&dib_tag=se&qid=1751098097&refinements=p_123%3A42439&rnid=85457740011&s=computers-intl-ship&sr=1-68,$429.07,https://m.media-amazon.com/images/I/61MKObfvqfL._AC_UL320_.jpg,3.8 out of 5 stars,85,,"Mon, Jul 7",$341.99,,(6+ used & new offers)
B07TDPMRXD,Microsoft Surface Pro 6 Intel Core i5 8th Gen 8350U 8 GB Memory 256 GB SSD,https://www.amazon.com/Microsoft-Surface-Intel-Core-256GB/dp/B07TDPMRXD/ref=sr_1_69?dib=eyJ2IjoiMSJ9.Kh6uHVcvwHbnWMdEpQn9CPeKLzHmvhTZaP9UvgeLhpD42Rsbf4PgHB4r-1Hl4w_nKCWeeVwxicSVzxsh3MgSX8-zt4y9rnCGKYbYgeVMhtLRwez5vdux3WBp_82B1ooPp5JlJmelre-yTCIHSPW8i8xqGRZgG0sNhsMAfsfnKYQjWVLLGyY13rYSpu-NDtt_IL_L5w5umJW-JOiTK3CgsIYLC5jeNXfuvOR_tea6YRD1HjBwVI3crjPFGy5BZJsmV6yQQPu-1dcIzavT0zVNvbD1gbpIzQ-TM_vbGRMFSGs.awtFXYjKFhsxbPlh1Wjw3_uiZ6iY4HM5tmxRFKD7Xac&dib_tag=se&qid=1751098097&refinements=p_123%3A42439&rnid=85457740011&s=computers-intl-ship&sr=1-69,$269.99,https://m.media-amazon.com/images/I/41RcuM0obVL._AC_UL320_.jpg,4.0 out of 5 stars,187,,"Wed, Jul 2",$229.32,,(12+ used & new offers)
B0DTWKH89N,"Microsoft 2024 Surface Pro - Copilot+ Tablet (11th Edition) 13"" Snapdragon X-Elite 16GB RAM 512GB SSD Win 11 Home Platinum (Renewed)",https://www.amazon.com/Microsoft-2024-Surface-Pro-Snapdragon/dp/B0DTWKH89N/ref=sr_1_70?dib=eyJ2IjoiMSJ9.Kh6uHVcvwHbnWMdEpQn9CPeKLzHmvhTZaP9UvgeLhpD42Rsbf4PgHB4r-1Hl4w_nKCWeeVwxicSVzxsh3MgSX8-zt4y9rnCGKYbYgeVMhtLRwez5vdux3WBp_82B1ooPp5JlJmelre-yTCIHSPW8i8xqGRZgG0sNhsMAfsfnKYQjWVLLGyY13rYSpu-NDtt_IL_L5w5umJW-JOiTK3CgsIYLC5jeNXfuvOR_tea6YRD1HjBwVI3crjPFGy5BZJsmV6yQQPu-1dcIzavT0zVNvbD1gbpIzQ-TM_vbGRMFSGs.awtFXYjKFhsxbPlh1Wjw3_uiZ6iY4HM5tmxRFKD7Xac&dib_tag=se&qid=1751098097&refinements=p_123%3A42439&rnid=85457740011&s=computers-intl-ship&sr=1-70,$869.94,https://m.media-amazon.com/images/I/51hFokJ4JNL._AC_UL320_.jpg,,,,Jul 2 - 7,,,
B0DM1LQMBD,"Microsoft Surface Book 2, 13.5""(3000 x 2000) Touchscreen Laptop, NVIDIA GeForce GTX 1050, Core i7-8650U, 16 GB RAM, 512GB SSD, CAM, BT, Windows 10 Pro(Renewed)",https://www.amazon.com/Microsoft-Surface-Touchscreen-GeForce-i7-8650U/dp/B0DM1LQMBD/ref=sr_1_71?dib=eyJ2IjoiMSJ9.Kh6uHVcvwHbnWMdEpQn9CPeKLzHmvhTZaP9UvgeLhpD42Rsbf4PgHB4r-1Hl4w_nKCWeeVwxicSVzxsh3MgSX8-zt4y9rnCGKYbYgeVMhtLRwez5vdux3WBp_82B1ooPp5JlJmelre-yTCIHSPW8i8xqGRZgG0sNhsMAfsfnKYQjWVLLGyY13rYSpu-NDtt_IL_L5w5umJW-JOiTK3CgsIYLC5jeNXfuvOR_tea6YRD1HjBwVI3crjPFGy5BZJsmV6yQQPu-1dcIzavT0zVNvbD1gbpIzQ-TM_vbGRMFSGs.awtFXYjKFhsxbPlh1Wjw3_uiZ6iY4HM5tmxRFKD7Xac&dib_tag=se&qid=1751098097&refinements=p_123%3A42439&rnid=85457740011&s=computers-intl-ship&sr=1-71,$447.89,https://m.media-amazon.com/images/I/71TgtglZhmL._AC_UL320_.jpg,2.6 out of 5 stars,3,,"Wed, Jul 2",,,
B0FBWFPKT7,"Microsoft Surface Laptop 4 13.5-inch PixelSense Touchscreen Laptop Computer, AMD Ryzen 5 Surface Edition, 16GB RAM, 512GB SSD, Windows 11 Pro, Platinum (Renewed)",https://www.amazon.com/Microsoft-13-5-inch-PixelSense-Touchscreen-Computer/dp/B0FBWFPKT7/ref=sr_1_72?dib=eyJ2IjoiMSJ9.Kh6uHVcvwHbnWMdEpQn9CPeKLzHmvhTZaP9UvgeLhpD42Rsbf4PgHB4r-1Hl4w_nKCWeeVwxicSVzxsh3MgSX8-zt4y9rnCGKYbYgeVMhtLRwez5vdux3WBp_82B1ooPp5JlJmelre-yTCIHSPW8i8xqGRZgG0sNhsMAfsfnKYQjWVLLGyY13rYSpu-NDtt_IL_L5w5umJW-JOiTK3CgsIYLC5jeNXfuvOR_tea6YRD1HjBwVI3crjPFGy5BZJsmV6yQQPu-1dcIzavT0zVNvbD1gbpIzQ-TM_vbGRMFSGs.awtFXYjKFhsxbPlh1Wjw3_uiZ6iY4HM5tmxRFKD7Xac&dib_tag=se&qid=1751098097&refinements=p_123%3A42439&rnid=85457740011&s=computers-intl-ship&sr=1-72,$399.00,https://m.media-amazon.com/images/I/71V9XEkG2SL._AC_UL320_.jpg,,,,"Thu, Jul 3",,,
B081Y6ZX5X,Microsoft Surface Pro 7 12.3 inches 10th Gen Intel Core i3-1005G1 4GB RAM 128GB SSD - Platinum (Renewed),https://www.amazon.com/Microsoft-Surface-Intel-128GB-Platinum/dp/B081Y6ZX5X/ref=sr_1_73?dib=eyJ2IjoiMSJ9.Bm6yCA58ovVXWRrvan8DqMtOpqtXGfFljrHQUQdL2JmOwa4dIoXKxD7X_PdaSvEOD4DelSK0Ny8_JXxKn5bTJAWfg0Vw4oE0TPGPr997rERPZ5NO3ycdAHgER8NLAeAm_pVLuZvWSPVNNaC0D_oLFUnoNjksmopsJs6AkgmWoF47aolG1tscf6VG8uviEULQTN5jOcTT1qrzdyZSXh2D7iOGUcVWJrjvjfSCZiGvn99WQQ4Uum5i2MnvG3CPUGEj8ZgWd40tsjkjaF575HpbzjgrdA108HikgF3s3JqNF50.NWiiVyADcKcI6NjWOWhDwpE0sIEuIO41zkn6BjdFg1M&dib_tag=se&qid=1751098109&refinements=p_123%3A42439&rnid=85457740011&s=computers-intl-ship&sr=1-73,$254.36,https://m.media-amazon.com/images/I/71kBlSKi3eL._AC_UL320_.jpg,4.1 out of 5 stars,92,,"Thu, Jul 3",,,
B0DYR8XJ4Q,"Microsoft 2024 Surface Laptop 7th Edition, Copilot+ PC, 13.8in Snapdragon X-Elite 32GB RAM 1TB SSD Win 11H Black (Renewed)",https://www.amazon.com/Microsoft-Surface-Copilot-Snapdragon-X-Elite/dp/B0DYR8XJ4Q/ref=sr_1_74?dib=eyJ2IjoiMSJ9.Bm6yCA58ovVXWRrvan8DqMtOpqtXGfFljrHQUQdL2JmOwa4dIoXKxD7X_PdaSvEOD4DelSK0Ny8_JXxKn5bTJAWfg0Vw4oE0TPGPr997rERPZ5NO3ycdAHgER8NLAeAm_pVLuZvWSPVNNaC0D_oLFUnoNjksmopsJs6AkgmWoF47aolG1tscf6VG8uviEULQTN5jOcTT1qrzdyZSXh2D7iOGUcVWJrjvjfSCZiGvn99WQQ4Uum5i2MnvG3CPUGEj8ZgWd40tsjkjaF575HpbzjgrdA108HikgF3s3JqNF50.NWiiVyADcKcI6NjWOWhDwpE0sIEuIO41zkn6BjdFg1M&dib_tag=se&qid=1751098109&refinements=p_123%3A42439&rnid=85457740011&s=computers-intl-ship&sr=1-74,"$1,299.95",https://m.media-amazon.com/images/I/61Et9hmmK3L._AC_UL320_.jpg,,,,"Thu, Jul 3","$1,298.74",,(4 new offers)
B0DV177XNR,"Microsoft 2024 Surface Pro - Copilot+ Tablet (11th Edition) 13"" Snapdragon X-Elite 16GB RAM 512GB SSD Win 11 Home Black (Renewed)",https://www.amazon.com/Microsoft-2024-Surface-Pro-Snapdragon/dp/B0DV177XNR/ref=sr_1_75?dib=eyJ2IjoiMSJ9.Bm6yCA58ovVXWRrvan8DqMtOpqtXGfFljrHQUQdL2JmOwa4dIoXKxD7X_PdaSvEOD4DelSK0Ny8_JXxKn5bTJAWfg0Vw4oE0TPGPr997rERPZ5NO3ycdAHgER8NLAeAm_pVLuZvWSPVNNaC0D_oLFUnoNjksmopsJs6AkgmWoF47aolG1tscf6VG8uviEULQTN5jOcTT1qrzdyZSXh2D7iOGUcVWJrjvjfSCZiGvn99WQQ4Uum5i2MnvG3CPUGEj8ZgWd40tsjkjaF575HpbzjgrdA108HikgF3s3JqNF50.NWiiVyADcKcI6NjWOWhDwpE0sIEuIO41zkn6BjdFg1M&dib_tag=se&qid=1751098109&refinements=p_123%3A42439&rnid=85457740011&s=computers-intl-ship&sr=1-75,$949.00,https://m.media-amazon.com/images/I/71Z-SHEzEuL._AC_UL320_.jpg,,,,"Thu, Jul 3",,,
B07CGYFH14,"Microsoft Surface Pro 4 (128 GB, 4 GB RAM, Intel Core i5) + Microsoft Type Cover (Renewed)",https://www.amazon.com/Microsoft-Surface-Intel-Certified-Refurbished/dp/B07CGYFH14/ref=sr_1_76?dib=eyJ2IjoiMSJ9.Bm6yCA58ovVXWRrvan8DqMtOpqtXGfFljrHQUQdL2JmOwa4dIoXKxD7X_PdaSvEOD4DelSK0Ny8_JXxKn5bTJAWfg0Vw4oE0TPGPr997rERPZ5NO3ycdAHgER8NLAeAm_pVLuZvWSPVNNaC0D_oLFUnoNjksmopsJs6AkgmWoF47aolG1tscf6VG8uviEULQTN5jOcTT1qrzdyZSXh2D7iOGUcVWJrjvjfSCZiGvn99WQQ4Uum5i2MnvG3CPUGEj8ZgWd40tsjkjaF575HpbzjgrdA108HikgF3s3JqNF50.NWiiVyADcKcI6NjWOWhDwpE0sIEuIO41zkn6BjdFg1M&dib_tag=se&qid=1751098109&refinements=p_123%3A42439&rnid=85457740011&s=computers-intl-ship&sr=1-76,$176.00,https://m.media-amazon.com/images/I/5177639Ae7L._AC_UL320_.jpg,3.7 out of 5 stars,113,,"Thu, Jul 3",,,
B0DYQJLMX7,"Microsoft 2024 Surface Laptop 7th Edition, Copilot+ PC, 15in Snapdragon X-Elite 64GB RAM 1TB SSD Win 11H Black (Renewed)",https://www.amazon.com/Microsoft-Surface-Copilot-Snapdragon-X-Elite/dp/B0DYQJLMX7/ref=sr_1_77?dib=eyJ2IjoiMSJ9.Bm6yCA58ovVXWRrvan8DqMtOpqtXGfFljrHQUQdL2JmOwa4dIoXKxD7X_PdaSvEOD4DelSK0Ny8_JXxKn5bTJAWfg0Vw4oE0TPGPr997rERPZ5NO3ycdAHgER8NLAeAm_pVLuZvWSPVNNaC0D_oLFUnoNjksmopsJs6AkgmWoF47aolG1tscf6VG8uviEULQTN5jOcTT1qrzdyZSXh2D7iOGUcVWJrjvjfSCZiGvn99WQQ4Uum5i2MnvG3CPUGEj8ZgWd40tsjkjaF575HpbzjgrdA108HikgF3s3JqNF50.NWiiVyADcKcI6NjWOWhDwpE0sIEuIO41zkn6BjdFg1M&dib_tag=se&qid=1751098109&refinements=p_123%3A42439&rnid=85457740011&s=computers-intl-ship&sr=1-77,"$1,619.95",https://m.media-amazon.com/images/I/61ovzYTnL+L._AC_UL320_.jpg,,,,"Thu, Jul 3",,,
B01ATVEKGY,"Microsoft 7G5-00015 Surface 3 Tablet (10.8-Inch, 64 GB, Intel Atom, Windows 10) (Renewed)",https://www.amazon.com/Microsoft-7G5-00015-Surface-10-8-Inch-Windows/dp/B01ATVEKGY/ref=sr_1_78?dib=eyJ2IjoiMSJ9.Bm6yCA58ovVXWRrvan8DqMtOpqtXGfFljrHQUQdL2JmOwa4dIoXKxD7X_PdaSvEOD4DelSK0Ny8_JXxKn5bTJAWfg0Vw4oE0TPGPr997rERPZ5NO3ycdAHgER8NLAeAm_pVLuZvWSPVNNaC0D_oLFUnoNjksmopsJs6AkgmWoF47aolG1tscf6VG8uviEULQTN5jOcTT1qrzdyZSXh2D7iOGUcVWJrjvjfSCZiGvn99WQQ4Uum5i2MnvG3CPUGEj8ZgWd40tsjkjaF575HpbzjgrdA108HikgF3s3JqNF50.NWiiVyADcKcI6NjWOWhDwpE0sIEuIO41zkn6BjdFg1M&dib_tag=se&qid=1751098109&refinements=p_123%3A42439&rnid=85457740011&s=computers-intl-ship&sr=1-78,$179.00,https://m.media-amazon.com/images/I/61gKvwU9nEL._AC_UL320_.jpg,3.6 out of 5 stars,537,,"Thu, Jul 3",$75.00,,(2+ used & new offers)
B092TT8ZRY,2019 Surface Pro 6 Business 12.3 Touchscreen (2736 x 1824) Latest Model Tablet PC | Intel Quad-Core i5-8350U | 8GB RAM | 256GB SSD | Windows 10 Pro | Platinum (Renewed),https://www.amazon.com/Business-Touchscreen-Quad-Core-i5-8350U-Platinum/dp/B092TT8ZRY/ref=sr_1_79?dib=eyJ2IjoiMSJ9.Bm6yCA58ovVXWRrvan8DqMtOpqtXGfFljrHQUQdL2JmOwa4dIoXKxD7X_PdaSvEOD4DelSK0Ny8_JXxKn5bTJAWfg0Vw4oE0TPGPr997rERPZ5NO3ycdAHgER8NLAeAm_pVLuZvWSPVNNaC0D_oLFUnoNjksmopsJs6AkgmWoF47aolG1tscf6VG8uviEULQTN5jOcTT1qrzdyZSXh2D7iOGUcVWJrjvjfSCZiGvn99WQQ4Uum5i2MnvG3CPUGEj8ZgWd40tsjkjaF575HpbzjgrdA108HikgF3s3JqNF50.NWiiVyADcKcI6NjWOWhDwpE0sIEuIO41zkn6BjdFg1M&dib_tag=se&qid=1751098109&refinements=p_123%3A42439&rnid=85457740011&s=computers-intl-ship&sr=1-79,$318.39,https://m.media-amazon.com/images/I/51y+meC5t0L._AC_UL320_.jpg,4.2 out of 5 stars,38,,"Wed, Jul 2",$269.99,,(6+ used & new offers)
B0DYR8K58F,"Microsoft 2024 Surface Laptop 7th Edition, Copilot+ PC, 13.8in Snapdragon X-Elite 64GB RAM 1TB SSD Win 11H Graphite (Renewed)",https://www.amazon.com/Microsoft-Surface-Copilot-Snapdragon-Graphite/dp/B0DYR8K58F/ref=sr_1_80?dib=eyJ2IjoiMSJ9.Bm6yCA58ovVXWRrvan8DqMtOpqtXGfFljrHQUQdL2JmOwa4dIoXKxD7X_PdaSvEOD4DelSK0Ny8_JXxKn5bTJAWfg0Vw4oE0TPGPr997rERPZ5NO3ycdAHgER8NLAeAm_pVLuZvWSPVNNaC0D_oLFUnoNjksmopsJs6AkgmWoF47aolG1tscf6VG8uviEULQTN5jOcTT1qrzdyZSXh2D7iOGUcVWJrjvjfSCZiGvn99WQQ4Uum5i2MnvG3CPUGEj8ZgWd40tsjkjaF575HpbzjgrdA108HikgF3s3JqNF50.NWiiVyADcKcI6NjWOWhDwpE0sIEuIO41zkn6BjdFg1M&dib_tag=se&qid=1751098109&refinements=p_123%3A42439&rnid=85457740011&s=computers-intl-ship&sr=1-80,"$1,519.99",https://m.media-amazon.com/images/I/41Hp9Ibqu3L._AC_UL320_.jpg,,,,"Thu, Jul 3",,,
B0DD4P189T,"Microsoft Surface Pro 10 Tablet - 13"" - 16 GB - 256 GB SSD - Windows 11 Pro - Black",https://www.amazon.com/Microsoft-Surface-Pro-10-Tablet/dp/B0DD4P189T/ref=sr_1_81?dib=eyJ2IjoiMSJ9.Bm6yCA58ovVXWRrvan8DqMtOpqtXGfFljrHQUQdL2JmOwa4dIoXKxD7X_PdaSvEOD4DelSK0Ny8_JXxKn5bTJAWfg0Vw4oE0TPGPr997rERPZ5NO3ycdAHgER8NLAeAm_pVLuZvWSPVNNaC0D_oLFUnoNjksmopsJs6AkgmWoF47aolG1tscf6VG8uviEULQTN5jOcTT1qrzdyZSXh2D7iOGUcVWJrjvjfSCZiGvn99WQQ4Uum5i2MnvG3CPUGEj8ZgWd40tsjkjaF575HpbzjgrdA108HikgF3s3JqNF50.NWiiVyADcKcI6NjWOWhDwpE0sIEuIO41zkn6BjdFg1M&dib_tag=se&qid=1751098109&refinements=p_123%3A42439&rnid=85457740011&s=computers-intl-ship&sr=1-81,"$1,369.99",https://m.media-amazon.com/images/I/71fw2IYulhL._AC_UL320_.jpg,1.0 out of 5 stars,1,,"Thu, Jul 3","$1,199.99",,(21 used & new offers)
B07M715MRT,"Microsoft Surface Go (Intel Pentium Gold, 4GB RAM, 64GB) (Renewed)",https://www.amazon.com/Microsoft-Surface-Go-Pentium-Renewed/dp/B07M715MRT/ref=sr_1_82?dib=eyJ2IjoiMSJ9.Bm6yCA58ovVXWRrvan8DqMtOpqtXGfFljrHQUQdL2JmOwa4dIoXKxD7X_PdaSvEOD4DelSK0Ny8_JXxKn5bTJAWfg0Vw4oE0TPGPr997rERPZ5NO3ycdAHgER8NLAeAm_pVLuZvWSPVNNaC0D_oLFUnoNjksmopsJs6AkgmWoF47aolG1tscf6VG8uviEULQTN5jOcTT1qrzdyZSXh2D7iOGUcVWJrjvjfSCZiGvn99WQQ4Uum5i2MnvG3CPUGEj8ZgWd40tsjkjaF575HpbzjgrdA108HikgF3s3JqNF50.NWiiVyADcKcI6NjWOWhDwpE0sIEuIO41zkn6BjdFg1M&dib_tag=se&qid=1751098109&refinements=p_123%3A42439&rnid=85457740011&s=computers-intl-ship&sr=1-82,$164.99,https://m.media-amazon.com/images/I/51kLuuxq+SL._AC_UL320_.jpg,4.0 out of 5 stars,440,,"Wed, Jul 2",,,
B0B8QGZ5T6,"Microsoft Surface Laptop 5 (2022), 15"" Touch Screen, Thin & Lightweight, Long Battery Life, Fast Intel i7 Processor for Multi-Tasking, 8GB RAM, 512GB Storage with Windows 11, Black Microsoft Copilot",https://www.amazon.com/Microsoft-Surface-Lightweight-Processor-Multi-Tasking/dp/B0B8QGZ5T6/ref=sr_1_83?dib=eyJ2IjoiMSJ9.Bm6yCA58ovVXWRrvan8DqMtOpqtXGfFljrHQUQdL2JmOwa4dIoXKxD7X_PdaSvEOD4DelSK0Ny8_JXxKn5bTJAWfg0Vw4oE0TPGPr997rERPZ5NO3ycdAHgER8NLAeAm_pVLuZvWSPVNNaC0D_oLFUnoNjksmopsJs6AkgmWoF47aolG1tscf6VG8uviEULQTN5jOcTT1qrzdyZSXh2D7iOGUcVWJrjvjfSCZiGvn99WQQ4Uum5i2MnvG3CPUGEj8ZgWd40tsjkjaF575HpbzjgrdA108HikgF3s3JqNF50.NWiiVyADcKcI6NjWOWhDwpE0sIEuIO41zkn6BjdFg1M&dib_tag=se&qid=1751098109&refinements=p_123%3A42439&rnid=85457740011&s=computers-intl-ship&sr=1-83,"$1,299.99",https://m.media-amazon.com/images/I/61BQKX2cWvL._AC_UL320_.jpg,4.5 out of 5 stars,404,"['Black', 'Platinum', 'Sage', 'Sandstone']",Jul 6 - 10,,,
B0F9X5TQG9,"Microsoft Surface Laptop 7 15"" Touchscreen Copilot+ PC Notebook - Intel Core Ultra 5-16 GB - 512 GB SSD - English (US) Keyboard - Black",https://www.amazon.com/Microsoft-Surface-Touchscreen-Copilot-Notebook/dp/B0F9X5TQG9/ref=sr_1_84?dib=eyJ2IjoiMSJ9.Bm6yCA58ovVXWRrvan8DqMtOpqtXGfFljrHQUQdL2JmOwa4dIoXKxD7X_PdaSvEOD4DelSK0Ny8_JXxKn5bTJAWfg0Vw4oE0TPGPr997rERPZ5NO3ycdAHgER8NLAeAm_pVLuZvWSPVNNaC0D_oLFUnoNjksmopsJs6AkgmWoF47aolG1tscf6VG8uviEULQTN5jOcTT1qrzdyZSXh2D7iOGUcVWJrjvjfSCZiGvn99WQQ4Uum5i2MnvG3CPUGEj8ZgWd40tsjkjaF575HpbzjgrdA108HikgF3s3JqNF50.NWiiVyADcKcI6NjWOWhDwpE0sIEuIO41zkn6BjdFg1M&dib_tag=se&qid=1751098109&refinements=p_123%3A42439&rnid=85457740011&s=computers-intl-ship&sr=1-84,"$1,799.99",https://m.media-amazon.com/images/I/51qJu4n8eRL._AC_UL320_.jpg,,,,"Thu, Jul 3",,,
B075WYCVH2,Microsoft Surface Book SW5-00001 2-in-1 Notebook PC - Intel Core i7-6600U 2.6 GHz Dual-Core Processor - 8 GB RAM - 256 GB Solid State Drive - 13.5-inch Touchscreen Display - (Renewed),https://www.amazon.com/Microsoft-Surface-Book-SW5-00001-Notebook/dp/B075WYCVH2/ref=sr_1_85?dib=eyJ2IjoiMSJ9.Bm6yCA58ovVXWRrvan8DqMtOpqtXGfFljrHQUQdL2JmOwa4dIoXKxD7X_PdaSvEOD4DelSK0Ny8_JXxKn5bTJAWfg0Vw4oE0TPGPr997rERPZ5NO3ycdAHgER8NLAeAm_pVLuZvWSPVNNaC0D_oLFUnoNjksmopsJs6AkgmWoF47aolG1tscf6VG8uviEULQTN5jOcTT1qrzdyZSXh2D7iOGUcVWJrjvjfSCZiGvn99WQQ4Uum5i2MnvG3CPUGEj8ZgWd40tsjkjaF575HpbzjgrdA108HikgF3s3JqNF50.NWiiVyADcKcI6NjWOWhDwpE0sIEuIO41zkn6BjdFg1M&dib_tag=se&qid=1751098109&refinements=p_123%3A42439&rnid=85457740011&s=computers-intl-ship&sr=1-85,$400.00,https://m.media-amazon.com/images/I/61gruiM3DgL._AC_UL320_.jpg,3.0 out of 5 stars,17,,"Thu, Jul 3",,,
B0CP26C18T,"Microsoft Surface Pro 5 Tablet PC 12.3"" (2736x1824) Touchscreen Surface Laptop, Core i5-7300U, 8GB RAM, 256GB SSD, USB 3.0, DisplayPort, Backlitkey Windows 10 Pro (Renewed)",https://www.amazon.com/Microsoft-2736x1824-i5-7300U-DisplayPort-Backlitkey/dp/B0CP26C18T/ref=sr_1_86?dib=eyJ2IjoiMSJ9.Bm6yCA58ovVXWRrvan8DqMtOpqtXGfFljrHQUQdL2JmOwa4dIoXKxD7X_PdaSvEOD4DelSK0Ny8_JXxKn5bTJAWfg0Vw4oE0TPGPr997rERPZ5NO3ycdAHgER8NLAeAm_pVLuZvWSPVNNaC0D_oLFUnoNjksmopsJs6AkgmWoF47aolG1tscf6VG8uviEULQTN5jOcTT1qrzdyZSXh2D7iOGUcVWJrjvjfSCZiGvn99WQQ4Uum5i2MnvG3CPUGEj8ZgWd40tsjkjaF575HpbzjgrdA108HikgF3s3JqNF50.NWiiVyADcKcI6NjWOWhDwpE0sIEuIO41zkn6BjdFg1M&dib_tag=se&qid=1751098109&refinements=p_123%3A42439&rnid=85457740011&s=computers-intl-ship&sr=1-86,,https://m.media-amazon.com/images/I/519T-E+oSVL._AC_UL320_.jpg,3.9 out of 5 stars,25,,,,,
B0DYPNSGHR,"Microsoft 2024 Surface Laptop 7th Edition, Copilot+ PC, 15in Snapdragon X-Elite 16GB RAM 256GB SSD Win 11H Platinum (Renewed)",https://www.amazon.com/Microsoft-Surface-Copilot-Snapdragon-Platinum/dp/B0DYPNSGHR/ref=sr_1_87?dib=eyJ2IjoiMSJ9.Bm6yCA58ovVXWRrvan8DqMtOpqtXGfFljrHQUQdL2JmOwa4dIoXKxD7X_PdaSvEOD4DelSK0Ny8_JXxKn5bTJAWfg0Vw4oE0TPGPr997rERPZ5NO3ycdAHgER8NLAeAm_pVLuZvWSPVNNaC0D_oLFUnoNjksmopsJs6AkgmWoF47aolG1tscf6VG8uviEULQTN5jOcTT1qrzdyZSXh2D7iOGUcVWJrjvjfSCZiGvn99WQQ4Uum5i2MnvG3CPUGEj8ZgWd40tsjkjaF575HpbzjgrdA108HikgF3s3JqNF50.NWiiVyADcKcI6NjWOWhDwpE0sIEuIO41zkn6BjdFg1M&dib_tag=se&qid=1751098109&refinements=p_123%3A42439&rnid=85457740011&s=computers-intl-ship&sr=1-87,$795.00,https://m.media-amazon.com/images/I/61dGUKHzaDL._AC_UL320_.jpg,,,,"Thu, Jul 3",,,
B0F9Y3YRDP,"Microsoft Surface Pro 11 Copilot+ PC Tablet - 13"" - Qualcomm Snapdragon X Elite - 16 GB - 512 GB SSD - Windows 11 Pro - Black",https://www.amazon.com/Microsoft-Surface-Pro-Copilot-Tablet/dp/B0F9Y3YRDP/ref=sr_1_88?dib=eyJ2IjoiMSJ9.Bm6yCA58ovVXWRrvan8DqMtOpqtXGfFljrHQUQdL2JmOwa4dIoXKxD7X_PdaSvEOD4DelSK0Ny8_JXxKn5bTJAWfg0Vw4oE0TPGPr997rERPZ5NO3ycdAHgER8NLAeAm_pVLuZvWSPVNNaC0D_oLFUnoNjksmopsJs6AkgmWoF47aolG1tscf6VG8uviEULQTN5jOcTT1qrzdyZSXh2D7iOGUcVWJrjvjfSCZiGvn99WQQ4Uum5i2MnvG3CPUGEj8ZgWd40tsjkjaF575HpbzjgrdA108HikgF3s3JqNF50.NWiiVyADcKcI6NjWOWhDwpE0sIEuIO41zkn6BjdFg1M&dib_tag=se&qid=1751098109&refinements=p_123%3A42439&rnid=85457740011&s=computers-intl-ship&sr=1-88,"$1,402.75",https://m.media-amazon.com/images/I/519DBqa1YcL._AC_UL320_.jpg,,,,Jul 7 - 8,,,
B0BFBX98QL,Microsoft Surface Laptop 4 15in Touch Intel Core i7 16GB RAM 512GB Win 11 Home (Renewed),https://www.amazon.com/Microsoft-Surface-Touch-Screen-Intel-Core-i7-Platinum/dp/B0BFBX98QL/ref=sr_1_89?dib=eyJ2IjoiMSJ9.Bm6yCA58ovVXWRrvan8DqMtOpqtXGfFljrHQUQdL2JmOwa4dIoXKxD7X_PdaSvEOD4DelSK0Ny8_JXxKn5bTJAWfg0Vw4oE0TPGPr997rERPZ5NO3ycdAHgER8NLAeAm_pVLuZvWSPVNNaC0D_oLFUnoNjksmopsJs6AkgmWoF47aolG1tscf6VG8uviEULQTN5jOcTT1qrzdyZSXh2D7iOGUcVWJrjvjfSCZiGvn99WQQ4Uum5i2MnvG3CPUGEj8ZgWd40tsjkjaF575HpbzjgrdA108HikgF3s3JqNF50.NWiiVyADcKcI6NjWOWhDwpE0sIEuIO41zkn6BjdFg1M&dib_tag=se&qid=1751098109&refinements=p_123%3A42439&rnid=85457740011&s=computers-intl-ship&sr=1-89,$470.00,https://m.media-amazon.com/images/I/61oI+lst0cL._AC_UL320_.jpg,5.0 out of 5 stars,2,,"Tue, Jul 1",$463.50,,(6 used & new offers)
B0F9XCQQVZ,"Microsoft Surface Laptop 7 13.8"" Touchscreen Copilot+ PC Notebook - Intel Core Ultra 7-32 GB - 512 GB SSD - English Keyboard - Platinum",https://www.amazon.com/Microsoft-Surface-Touchscreen-Copilot-Notebook/dp/B0F9XCQQVZ/ref=sr_1_90?dib=eyJ2IjoiMSJ9.Bm6yCA58ovVXWRrvan8DqMtOpqtXGfFljrHQUQdL2JmOwa4dIoXKxD7X_PdaSvEOD4DelSK0Ny8_JXxKn5bTJAWfg0Vw4oE0TPGPr997rERPZ5NO3ycdAHgER8NLAeAm_pVLuZvWSPVNNaC0D_oLFUnoNjksmopsJs6AkgmWoF47aolG1tscf6VG8uviEULQTN5jOcTT1qrzdyZSXh2D7iOGUcVWJrjvjfSCZiGvn99WQQ4Uum5i2MnvG3CPUGEj8ZgWd40tsjkjaF575HpbzjgrdA108HikgF3s3JqNF50.NWiiVyADcKcI6NjWOWhDwpE0sIEuIO41zkn6BjdFg1M&dib_tag=se&qid=1751098109&refinements=p_123%3A42439&rnid=85457740011&s=computers-intl-ship&sr=1-90,"$2,064.33",https://m.media-amazon.com/images/I/61bf-1Y83LL._AC_UL320_.jpg,,,,Jul 7 - 8,,,
B082YGJX8C,"Microsoft Surface Laptop 2 LUH-00001, Intel Core i5-8250U, 8GB RAM, 128GB SSD, Windows 10 Home 64Bit (Renewed)",https://www.amazon.com/Microsoft-Surface-LUH-00001-i5-8250U-Windows/dp/B082YGJX8C/ref=sr_1_91?dib=eyJ2IjoiMSJ9.Bm6yCA58ovVXWRrvan8DqMtOpqtXGfFljrHQUQdL2JmOwa4dIoXKxD7X_PdaSvEOD4DelSK0Ny8_JXxKn5bTJAWfg0Vw4oE0TPGPr997rERPZ5NO3ycdAHgER8NLAeAm_pVLuZvWSPVNNaC0D_oLFUnoNjksmopsJs6AkgmWoF47aolG1tscf6VG8uviEULQTN5jOcTT1qrzdyZSXh2D7iOGUcVWJrjvjfSCZiGvn99WQQ4Uum5i2MnvG3CPUGEj8ZgWd40tsjkjaF575HpbzjgrdA108HikgF3s3JqNF50.NWiiVyADcKcI6NjWOWhDwpE0sIEuIO41zkn6BjdFg1M&dib_tag=se&qid=1751098109&refinements=p_123%3A42439&rnid=85457740011&s=computers-intl-ship&sr=1-91,$269.90,https://m.media-amazon.com/images/I/61tSGBReRpL._AC_UL320_.jpg,4.1 out of 5 stars,17,,"Thu, Jul 3",,,
B0F9XFDCPN,"Microsoft Surface Pro 11 Copilot+ PC Tablet - 13"" - vPro Technology - 32 GB - 256 GB SSD - Windows 11 Pro - Platinum",https://www.amazon.com/Microsoft-Surface-Pro-Copilot-Tablet/dp/B0F9XFDCPN/ref=sr_1_92?dib=eyJ2IjoiMSJ9.Bm6yCA58ovVXWRrvan8DqMtOpqtXGfFljrHQUQdL2JmOwa4dIoXKxD7X_PdaSvEOD4DelSK0Ny8_JXxKn5bTJAWfg0Vw4oE0TPGPr997rERPZ5NO3ycdAHgER8NLAeAm_pVLuZvWSPVNNaC0D_oLFUnoNjksmopsJs6AkgmWoF47aolG1tscf6VG8uviEULQTN5jOcTT1qrzdyZSXh2D7iOGUcVWJrjvjfSCZiGvn99WQQ4Uum5i2MnvG3CPUGEj8ZgWd40tsjkjaF575HpbzjgrdA108HikgF3s3JqNF50.NWiiVyADcKcI6NjWOWhDwpE0sIEuIO41zkn6BjdFg1M&dib_tag=se&qid=1751098109&refinements=p_123%3A42439&rnid=85457740011&s=computers-intl-ship&sr=1-92,"$1,970.59",https://m.media-amazon.com/images/I/513ezwY3rwL._AC_UL320_.jpg,,,,Jul 7 - 8,,,
B08HR3XT2S,"Microsoft Surface Pro 7 12.3"" Touch-Screen - 10th Gen Intel Core i5-8GB Memory - 256GB SSD (Latest Model) Matte Black with Black Type Cover, Model:QWV-00007 (Renewed)",https://www.amazon.com/Microsoft-Surface-Pro-Touch-Screen-QWV-00007/dp/B08HR3XT2S/ref=sr_1_93?dib=eyJ2IjoiMSJ9.Bm6yCA58ovVXWRrvan8DqMtOpqtXGfFljrHQUQdL2JmOwa4dIoXKxD7X_PdaSvEOD4DelSK0Ny8_JXxKn5bTJAWfg0Vw4oE0TPGPr997rERPZ5NO3ycdAHgER8NLAeAm_pVLuZvWSPVNNaC0D_oLFUnoNjksmopsJs6AkgmWoF47aolG1tscf6VG8uviEULQTN5jOcTT1qrzdyZSXh2D7iOGUcVWJrjvjfSCZiGvn99WQQ4Uum5i2MnvG3CPUGEj8ZgWd40tsjkjaF575HpbzjgrdA108HikgF3s3JqNF50.NWiiVyADcKcI6NjWOWhDwpE0sIEuIO41zkn6BjdFg1M&dib_tag=se&qid=1751098109&refinements=p_123%3A42439&rnid=85457740011&s=computers-intl-ship&sr=1-93,$444.00,https://m.media-amazon.com/images/I/51YdBOjM6JL._AC_UL320_.jpg,3.9 out of 5 stars,70,,"Thu, Jul 3",,,
B0C5MSQLRG,"Microsoft Surface Laptop 5 13.5"" Touchscreen Notebook - 2256 x 1504 - Intel Core i7 12th Gen i7-1265U - Intel Evo Platform - 32 GB Total RAM - 512 GB SSD - Matte Black",https://www.amazon.com/Microsoft-Surface-Laptop-Touchscreen-Notebook/dp/B0C5MSQLRG/ref=sr_1_94?dib=eyJ2IjoiMSJ9.Bm6yCA58ovVXWRrvan8DqMtOpqtXGfFljrHQUQdL2JmOwa4dIoXKxD7X_PdaSvEOD4DelSK0Ny8_JXxKn5bTJAWfg0Vw4oE0TPGPr997rERPZ5NO3ycdAHgER8NLAeAm_pVLuZvWSPVNNaC0D_oLFUnoNjksmopsJs6AkgmWoF47aolG1tscf6VG8uviEULQTN5jOcTT1qrzdyZSXh2D7iOGUcVWJrjvjfSCZiGvn99WQQ4Uum5i2MnvG3CPUGEj8ZgWd40tsjkjaF575HpbzjgrdA108HikgF3s3JqNF50.NWiiVyADcKcI6NjWOWhDwpE0sIEuIO41zkn6BjdFg1M&dib_tag=se&qid=1751098109&refinements=p_123%3A42439&rnid=85457740011&s=computers-intl-ship&sr=1-94,"$1,349.99",https://m.media-amazon.com/images/I/41qw2ndfMQL._AC_UL320_.jpg,4.3 out of 5 stars,3,,Jul 2 - 7,$729.98,,(4+ used & new offers)
B0F9YKYFJT,"Microsoft Surface Pro 11 Copilot+ PC Tablet - 13"" - Qualcomm Snapdragon X Elite - 16 GB - 1 TB SSD - Windows 11 Pro - Platinum",https://www.amazon.com/Microsoft-Surface-Pro-Copilot-Tablet/dp/B0F9YKYFJT/ref=sr_1_95?dib=eyJ2IjoiMSJ9.Bm6yCA58ovVXWRrvan8DqMtOpqtXGfFljrHQUQdL2JmOwa4dIoXKxD7X_PdaSvEOD4DelSK0Ny8_JXxKn5bTJAWfg0Vw4oE0TPGPr997rERPZ5NO3ycdAHgER8NLAeAm_pVLuZvWSPVNNaC0D_oLFUnoNjksmopsJs6AkgmWoF47aolG1tscf6VG8uviEULQTN5jOcTT1qrzdyZSXh2D7iOGUcVWJrjvjfSCZiGvn99WQQ4Uum5i2MnvG3CPUGEj8ZgWd40tsjkjaF575HpbzjgrdA108HikgF3s3JqNF50.NWiiVyADcKcI6NjWOWhDwpE0sIEuIO41zkn6BjdFg1M&dib_tag=se&qid=1751098109&refinements=p_123%3A42439&rnid=85457740011&s=computers-intl-ship&sr=1-95,"$1,577.84",https://m.media-amazon.com/images/I/513ezwY3rwL._AC_UL320_.jpg,,,,Jul 7 - 8,,,
B0DYQBSKKR,"Microsoft 2024 Surface Laptop 7th Edition, Copilot+ PC, 15in Snapdragon X-Elite 16GB RAM 512GB SSD Win 11H Platinum (Renewed)",https://www.amazon.com/Microsoft-Surface-Copilot-Snapdragon-Platinum/dp/B0DYQBSKKR/ref=sr_1_96?dib=eyJ2IjoiMSJ9.Bm6yCA58ovVXWRrvan8DqMtOpqtXGfFljrHQUQdL2JmOwa4dIoXKxD7X_PdaSvEOD4DelSK0Ny8_JXxKn5bTJAWfg0Vw4oE0TPGPr997rERPZ5NO3ycdAHgER8NLAeAm_pVLuZvWSPVNNaC0D_oLFUnoNjksmopsJs6AkgmWoF47aolG1tscf6VG8uviEULQTN5jOcTT1qrzdyZSXh2D7iOGUcVWJrjvjfSCZiGvn99WQQ4Uum5i2MnvG3CPUGEj8ZgWd40tsjkjaF575HpbzjgrdA108HikgF3s3JqNF50.NWiiVyADcKcI6NjWOWhDwpE0sIEuIO41zkn6BjdFg1M&dib_tag=se&qid=1751098109&refinements=p_123%3A42439&rnid=85457740011&s=computers-intl-ship&sr=1-96,$960.06,https://m.media-amazon.com/images/I/61dGUKHzaDL._AC_UL320_.jpg,,,,"Thu, Jul 3",,,
